[
    {
        "cycle": 40.93008,
        "description": "IL MASU SCHEIMPFLUG FRAME",
        "item": "4022 639 8308/5",
        "mfgItem": "M004832",
        "nc": "4022_639_8308_bew1.H",
        "pa": "PA00020",
        "wc": "1200G350"
    },
    {
        "cycle": 46.96834000000001,
        "description": "IL MASU SCHEIMPFLUG FRAME",
        "item": "4022 639 8308/5",
        "mfgItem": "M004832",
        "nc": "4022_639_8308_bew2.H",
        "pa": "PA00011",
        "wc": "1200G350"
    },
    {
        "cycle": 35.609019999999994,
        "description": "IL MASU SCHEIMPFLUG FRAME",
        "item": "4022 639 8308/5",
        "mfgItem": "M004832",
        "nc": "4022_639_8308_bew3.H",
        "pa": "PA00016",
        "wc": "1200G350"
    },
    {
        "cycle": 30.335519999999995,
        "description": "EXE WS PPL RETURN BOTTOM",
        "item": "4022 695 1196/4",
        "mfgItem": "M004643",
        "nc": "4022_695_1196_Bew1.H",
        "pa": "PA00115",
        "wc": "1200G350"
    },
    {
        "cycle": 83.71504,
        "description": "EXE WS PPL RETURN BOTTOM",
        "item": "4022 695 1196/4",
        "mfgItem": "M004643",
        "nc": "4022_695_1196_Bew2.H",
        "pa": "PA00090",
        "wc": "1200G350"
    },
    {
        "cycle": 31.8486,
        "description": "EXE WS PPL RETURN BOTTOM",
        "item": "4022 695 1196/4",
        "mfgItem": "M004643",
        "nc": "4022_695_1196_Bew3.H",
        "pa": "PA00125",
        "wc": "1200G350"
    },
    {
        "cycle": 45.19744000000001,
        "description": "EXE WS PPL SUPPLY TOP CHAMBER",
        "item": "4022 695 1198/1",
        "mfgItem": "M003527",
        "nc": "4022_695_1198_Bew1.H",
        "pa": "PA00068",
        "wc": "1200G350"
    },
    {
        "cycle": 194.74374,
        "description": "EXE WS PPL SUPPLY TOP CHAMBER",
        "item": "4022 695 1198/1",
        "mfgItem": "M003527",
        "nc": "4022_695_1198_Bew2.H",
        "pa": "PA00059",
        "wc": "1200G350"
    },
    {
        "cycle": 72.93831999999998,
        "description": "EXE WS PPL SUPPLY TOP CHAMBER",
        "item": "4022 695 1198/1",
        "mfgItem": "M003527",
        "nc": "4022_695_1198_Bew3.H",
        "pa": "PA00093",
        "wc": "1200G350"
    },
    {
        "cycle": 41.09754000000001,
        "description": "EXE WS PPL RETURN TOP CHAMBER",
        "item": "4022 695 1201/1",
        "mfgItem": "M003531",
        "nc": "4022_695_1201_Bew1.H",
        "pa": "PA00088",
        "wc": "1200G350"
    },
    {
        "cycle": 114.35950000000003,
        "description": "EXE WS PPL RETURN TOP CHAMBER",
        "item": "4022 695 1201/1",
        "mfgItem": "M003531",
        "nc": "4022_695_1201_Bew2.H",
        "pa": "PA00020",
        "wc": "1200G350"
    },
    {
        "cycle": 77.23059999999998,
        "description": "EXE WS PPL RETURN TOP CHAMBER",
        "item": "4022 695 1201/1",
        "mfgItem": "M003531",
        "nc": "4022_695_1201_Bew3.H",
        "pa": "PA00083",
        "wc": "1200G350"
    },
    {
        "cycle": 70.1432,
        "description": "EXE WS PPL RETURN TOP EOS",
        "item": "4022 695 1202/1",
        "mfgItem": "M004640",
        "nc": "4022_695_1202_Bew2.H",
        "pa": "PA00004",
        "wc": "1200G350"
    },
    {
        "cycle": 41.62501999999999,
        "description": "EXE WS PPL RETURN TOP EOS",
        "item": "4022 695 1202/1",
        "mfgItem": "M004640",
        "nc": "4022_695_1202_Bew3.H",
        "pa": "PA00016",
        "wc": "1200G350"
    },
    {
        "cycle": 31.714480000000005,
        "description": "EXE WS PPL RETURN TOP EOS",
        "item": "4022 695 1202/1",
        "mfgItem": "M004640",
        "nc": "4022_695_1202_Bew4.H",
        "pa": "PA00125",
        "wc": "1200G350"
    },
    {
        "cycle": 303.072075,
        "description": "PALLET GROB 350  (CL-T.18.40.400)",
        "item": "CT18000-01/B",
        "mfgItem": "M004123",
        "nc": "CL-T_18_40_400_Bew1.H",
        "pa": "PA00128",
        "wc": "1200G350"
    },
    {
        "cycle": 34.2604,
        "description": "REWORK BP SLM500",
        "item": "E036560/A",
        "mfgItem": "M004780",
        "nc": "E036560_Bew1.H",
        "pa": "PA00141",
        "wc": "1200G350"
    },
    {
        "cycle": 31.583960000000005,
        "description": "RACK-RIEGEL-6X50",
        "item": "4380 101 09",
        "mfgItem": "M000165",
        "nc": "4380_101_09_Bew3.H",
        "pa": "PA00032",
        "wc": "1200G350"
    },
    {
        "cycle": 35.87678,
        "description": "NEIGUNGSBOGEN 1 MIT NASE",
        "item": "6605 8311/02",
        "mfgItem": "M000306",
        "nc": "6605_8301_8311_Bew2.H",
        "pa": "PA00021",
        "wc": "1200G350"
    },
    {
        "cycle": 31.164359999999995,
        "description": "RIPPE 3",
        "item": "D575-73320-200-00",
        "mfgItem": "M002467",
        "nc": "D575_73320_200_00_Bew1.H",
        "pa": "PA00147",
        "wc": "1200G350"
    },
    {
        "cycle": 58.051759999999994,
        "description": "RIPPE 3",
        "item": "D575-73320-201-00",
        "mfgItem": "M002545",
        "nc": "D575_73320_201_00_Bew1.H",
        "pa": "PA00015",
        "wc": "1200G350"
    },
    {
        "cycle": 37.8964,
        "description": "BOX ADAPTER TRIAX, 0 DEG POSN'R",
        "item": "105-514/H",
        "mfgItem": "M001738",
        "nc": "105_514_bew1.H",
        "pa": "PA00125",
        "wc": "1200G350"
    },
    {
        "cycle": 52.097179999999994,
        "description": "RIEGEL",
        "item": "F536-71083-212-00",
        "mfgItem": "M003951",
        "nc": "71083_212_RFS1.H",
        "pa": "PA00080",
        "wc": "1200G350"
    },
    {
        "cycle": 94.83404,
        "description": "SCHNITTSTELLE GELENKMODUL RECHTS",
        "item": "6605 5591/08",
        "mfgItem": "M000047",
        "nc": "6605_5591_bew1.H",
        "pa": "PA00056",
        "wc": "1200G350"
    },
    {
        "cycle": 90.35942000000001,
        "description": "SPM RS ENC BR NON MAG -X",
        "item": "4022 673 6639/1",
        "mfgItem": "M003483",
        "nc": "40226736639R1_S2.H",
        "pa": "PA00123",
        "wc": "1200G350"
    },
    {
        "cycle": 135.41466000000003,
        "description": "SPM RS ENC BR NON MAG -X",
        "item": "4022 673 6639/1",
        "mfgItem": "M003483",
        "nc": "40226736639R1_S4.H",
        "pa": "PA00000",
        "wc": "1200G350"
    },
    {
        "cycle": 70.0791,
        "description": "EUV WTC COVER",
        "item": "4022 697 3440/1",
        "mfgItem": "M004156",
        "nc": "697_3440_2_S2.H",
        "pa": "PA00120",
        "wc": "1200G350"
    },
    {
        "cycle": 47.806039999999996,
        "description": "NXE WS FORCER LEAF SPRING (UCV)",
        "item": "4022 620 0954/4",
        "mfgItem": "M003395",
        "nc": "620_0954_S1.MPF",
        "pa": "PA00133",
        "wc": "1200G350"
    },
    {
        "cycle": 77.62204,
        "description": "NXE WS FORCER LEAF SPRING (UCV)",
        "item": "4022 620 0954/4",
        "mfgItem": "M003395",
        "nc": "620_0954_S2.MPF",
        "pa": "PA00033",
        "wc": "1200G350"
    },
    {
        "cycle": 63.21488,
        "description": "NXE WS FORCER SIDE LEAF SPRING (UCV)",
        "item": "4022 620 0957/4",
        "mfgItem": "M003387",
        "nc": "620_0957_S1.MPF",
        "pa": "PA00061",
        "wc": "1200G350"
    },
    {
        "cycle": 184.99434000000002,
        "description": "NXE WS FORCER SIDE LEAF SPRING (UCV)",
        "item": "4022 620 0957/4",
        "mfgItem": "M003387",
        "nc": "620_0957_S2.MPF",
        "pa": "PA00017",
        "wc": "1200G350"
    },
    {
        "cycle": 56.50987999999999,
        "description": "NXE WS SS XY EOS",
        "item": "4022 620 1878/3",
        "mfgItem": "M000506",
        "nc": "620_1878_S1.MPF",
        "pa": "PA00103",
        "wc": "1200G350"
    },
    {
        "cycle": 294.17768,
        "description": "NXE WS SS XY EOS",
        "item": "4022 620 1878/3",
        "mfgItem": "M000506",
        "nc": "620_1878_S2.MPF",
        "pa": "PA00018",
        "wc": "1200G350"
    },
    {
        "cycle": 196.33015999999995,
        "description": "NXE WS SS XY EOS",
        "item": "4022 620 1878/3",
        "mfgItem": "M000506",
        "nc": "620_1878_S3.MPF",
        "pa": "PA00030",
        "wc": "1200G350"
    },
    {
        "cycle": 101.70984,
        "description": "NXE WS SS Z EOS 4",
        "item": "4022 620 1891/2",
        "mfgItem": "M000955",
        "nc": "620_1891_S1.MPF",
        "pa": "PA00105",
        "wc": "1200G350"
    },
    {
        "cycle": 38.44637999999999,
        "description": "NXE WS SS Z EOS 4",
        "item": "4022 620 1891/2",
        "mfgItem": "M000955",
        "nc": "620_1891_S2.MPF",
        "pa": "PA00145",
        "wc": "1200G350"
    },
    {
        "cycle": 234.93758000000003,
        "description": "MIDFRAME INTERF BLOCK",
        "item": "4022 621 3697/2",
        "mfgItem": "M003742",
        "nc": "621_3697_S1.MPF",
        "pa": "PA00035",
        "wc": "1200G350"
    },
    {
        "cycle": 204.39663999999993,
        "description": "MIDFRAME INTERF BLOCK",
        "item": "4022 621 3697/2",
        "mfgItem": "M003742",
        "nc": "621_3697_S2.MPF",
        "pa": "PA00046",
        "wc": "1200G350"
    },
    {
        "cycle": 130.57657,
        "description": "MIDFRAME INTERF BLOCK",
        "item": "4022 621 3697/2",
        "mfgItem": "M003742",
        "nc": "621_3697_S3.MPF",
        "pa": "PA00016",
        "wc": "1200G350"
    },
    {
        "cycle": 52.22368,
        "description": "MIDFRAME INTERF BLOCK",
        "item": "4022 621 3697/2",
        "mfgItem": "M003742",
        "nc": "621_3697_S4.MPF",
        "pa": "PA00010",
        "wc": "1200G350"
    },
    {
        "cycle": 405.46747999999997,
        "description": "LS UV NXE DAM COOLER ASSY",
        "item": "4022 621 7597/3",
        "mfgItem": "M000658",
        "nc": "621_8319_S1.MPF",
        "pa": "PA00020",
        "wc": "1200G350"
    },
    {
        "cycle": 291.51284,
        "description": "LS UV NXE DAM COOLER ASSY",
        "item": "4022 621 7597/3",
        "mfgItem": "M000658",
        "nc": "621_8319_S2.MPF",
        "pa": "PA00000",
        "wc": "1200G350"
    },
    {
        "cycle": 57.66731999999998,
        "description": "LS UV NXE DAM COOLER ASSY",
        "item": "4022 621 7597/3",
        "mfgItem": "M000658",
        "nc": "621_8319_S3.MPF",
        "pa": "PA00067",
        "wc": "1200G350"
    },
    {
        "cycle": 161.48873999999995,
        "description": "NXE WSL PPL MAIN MANIFOLD",
        "item": "4022 622 2304/2",
        "mfgItem": "M000956",
        "nc": "622_2304_S2.MPF",
        "pa": "PA00092",
        "wc": "1200G350"
    },
    {
        "cycle": 61.07671999999999,
        "description": "NXE WSL PPL MAIN MANIFOLD",
        "item": "4022 622 2304/2",
        "mfgItem": "M000956",
        "nc": "622_2304_S3.MPF",
        "pa": "PA00005",
        "wc": "1200G350"
    },
    {
        "cycle": 116.17012,
        "description": "NXT WS MK4I PPL BOTTOM BLOCK",
        "item": "4022 642 9957/2",
        "mfgItem": "M000280",
        "nc": "642_9957_S1.MPF",
        "pa": "PA00070",
        "wc": "1200G350"
    },
    {
        "cycle": 344.28723999999994,
        "description": "NXT WS MK4I PPL TOP BLOCK",
        "item": "4022 642 9975/2",
        "mfgItem": "M000281",
        "nc": "642_9975_S1.MPF",
        "pa": "PA00044",
        "wc": "1200G350"
    },
    {
        "cycle": 131.23103999999998,
        "description": "NXT WS MK4I PPL TOP BLOCK",
        "item": "4022 642 9975/2",
        "mfgItem": "M000281",
        "nc": "642_9975_S2.MPF",
        "pa": "PA00010",
        "wc": "1200G350"
    },
    {
        "cycle": 72.96192,
        "description": "NXE WS SS Z EOS 1",
        "item": "4022 657 4821/1",
        "mfgItem": "M000958",
        "nc": "657_4821_S1.MPF",
        "pa": "PA00116",
        "wc": "1200G350"
    },
    {
        "cycle": 32.69316,
        "description": "NXE WS SS Z EOS 1",
        "item": "4022 657 4821/1",
        "mfgItem": "M000958",
        "nc": "657_4821_S2.MPF",
        "pa": "PA00004",
        "wc": "1200G350"
    },
    {
        "cycle": 153.07922,
        "description": "NXE WS SS Z EOS 2",
        "item": "4022 657 4822/1",
        "mfgItem": "M000959",
        "nc": "657_4822_S1.MPF",
        "pa": "PA00035",
        "wc": "1200G350"
    },
    {
        "cycle": 38.35568,
        "description": "NXE WS SS Z EOS 2",
        "item": "4022 657 4822/1",
        "mfgItem": "M000959",
        "nc": "657_4822_S2.MPF",
        "pa": "PA00084",
        "wc": "1200G350"
    },
    {
        "cycle": 153.73572,
        "description": "BT BB M100 LOCK PLATE",
        "item": "4022 660 9527/2",
        "mfgItem": "M004208",
        "nc": "660_9527_S1.MPF",
        "pa": "PA00119",
        "wc": "1200G350"
    },
    {
        "cycle": 59.8369,
        "description": "BT BB M100 LOCK PLATE",
        "item": "4022 660 9527/2",
        "mfgItem": "M004208",
        "nc": "660_9527_S2.MPF",
        "pa": "PA00088",
        "wc": "1200G350"
    },
    {
        "cycle": 55.066320000000005,
        "description": "TDM ARM SUPPORT",
        "item": "4022 673 3345/2",
        "mfgItem": "M000575",
        "nc": "673_3345_S1.MPF",
        "pa": "PA00074",
        "wc": "1200G350"
    },
    {
        "cycle": 256.89238000000006,
        "description": "LS UV MK3 DAM COOLER ASSY",
        "item": "4022 680 8014/1",
        "mfgItem": "M003499",
        "nc": "680_8018_S1.MPF",
        "pa": "PA00030",
        "wc": "1200G350"
    },
    {
        "cycle": 257.61537999999996,
        "description": "LS UV MK3 DAM COOLER ASSY",
        "item": "4022 680 8014/1",
        "mfgItem": "M003499",
        "nc": "680_8018_S2.MPF",
        "pa": "PA00007",
        "wc": "1200G350"
    },
    {
        "cycle": 42.28806,
        "description": "LS UV MK3 DAM COOLER ASSY",
        "item": "4022 680 8014/1",
        "mfgItem": "M003499",
        "nc": "680_8018_S3.MPF",
        "pa": "PA00000",
        "wc": "1200G350"
    },
    {
        "cycle": 54.754220000000004,
        "description": "[MC] BUFFER PLATE",
        "item": "721-00135/00",
        "mfgItem": "M001634",
        "nc": "721_00135_S1.MPF",
        "pa": "PA00047",
        "wc": "1200G350"
    },
    {
        "cycle": 324.44712,
        "description": "HAKEN 2,3,4",
        "item": "F575-73125-202-00",
        "mfgItem": "M001820",
        "nc": "73125_202_S1.MPF",
        "pa": "PA00030",
        "wc": "1200G350"
    },
    {
        "cycle": 57.92348,
        "description": "TI CLIP",
        "item": "V532-74285-204-00",
        "mfgItem": "M000829",
        "nc": "74285_204_S1.MPF",
        "pa": "PA00084",
        "wc": "1200G350"
    },
    {
        "cycle": 40.0601,
        "description": "TI CLIP",
        "item": "V532-74285-204-00",
        "mfgItem": "M000829",
        "nc": "74285_204_S2.MPF",
        "pa": "PA00006",
        "wc": "1200G350"
    },
    {
        "cycle": 218.00633999999994,
        "description": "ZAHNPLATTE MIT ZAPFEN",
        "item": "D534-75958-200-00/A",
        "mfgItem": "M000132",
        "nc": "75958_200_S1.MPF",
        "pa": "PA00024",
        "wc": "1200G350"
    },
    {
        "cycle": 32.686479999999996,
        "description": "ADAPTER O2-STECKER",
        "item": "F255-76245-200-00",
        "mfgItem": "M001817",
        "nc": "76245_200_1X.MPF",
        "pa": "PA00074",
        "wc": "1200G350"
    },
    {
        "cycle": 30.707220000000003,
        "description": "ADAPTER O2-STECKER",
        "item": "F255-76245-200-00",
        "mfgItem": "M001817",
        "nc": "76245_200_6X.MPF",
        "pa": "PA00055",
        "wc": "1200G350"
    },
    {
        "cycle": 57.582939999999994,
        "description": "ADAPTER O2-STECKER",
        "item": "F255-76245-200-00",
        "mfgItem": "M001817",
        "nc": "76245_200_S1.MPF",
        "pa": "PA00020",
        "wc": "1200G350"
    },
    {
        "cycle": 54.66076,
        "description": "FTG LWR",
        "item": "V532-91113-400-00",
        "mfgItem": "M000761",
        "nc": "91113_400_S1.MPF",
        "pa": "PA00033",
        "wc": "1200G350"
    },
    {
        "cycle": 32.35475999999999,
        "description": "FTG LWR",
        "item": "V532-91113-400-00",
        "mfgItem": "M000761",
        "nc": "91113_400_S2.MPF",
        "pa": "PA00124",
        "wc": "1200G350"
    },
    {
        "cycle": 115.51844,
        "description": "FTG LWR",
        "item": "V532-91113-402-00",
        "mfgItem": "M000762",
        "nc": "91113_402_S1.MPF",
        "pa": "PA00154",
        "wc": "1200G350"
    },
    {
        "cycle": 77.37208,
        "description": "BRACKET-UNICORN",
        "item": "V575-92453-204-00",
        "mfgItem": "M000108",
        "nc": "92453_204_S0.MPF",
        "pa": "PA00031",
        "wc": "1200G350"
    },
    {
        "cycle": 39.93894,
        "description": "BRACKET-UNICORN",
        "item": "V575-92453-204-00",
        "mfgItem": "M000108",
        "nc": "92453_204_S1.MPF",
        "pa": "PA00038",
        "wc": "1200G350"
    },
    {
        "cycle": 214.00816500000002,
        "description": "BRACKET-UNICORN",
        "item": "V575-92453-204-00",
        "mfgItem": "M000108",
        "nc": "92453_204_S2.MPF",
        "pa": "PA00142",
        "wc": "1200G350"
    },
    {
        "cycle": 64.32212,
        "description": "BRACKET-UNICORN",
        "item": "V575-92453-204-00",
        "mfgItem": "M000108",
        "nc": "92453_204_S3.MPF",
        "pa": "PA00037",
        "wc": "1200G350"
    },
    {
        "cycle": 75.99506000000001,
        "description": "BRACKET-UNICORN",
        "item": "V575-92453-205-00",
        "mfgItem": "M001368",
        "nc": "92453_205_S0.MPF",
        "pa": "PA00071",
        "wc": "1200G350"
    },
    {
        "cycle": 38.01942,
        "description": "BRACKET-UNICORN",
        "item": "V575-92453-205-00",
        "mfgItem": "M001368",
        "nc": "92453_205_S1.MPF",
        "pa": "PA00033",
        "wc": "1200G350"
    },
    {
        "cycle": 116.61509999999998,
        "description": "BRACKET-UNICORN",
        "item": "V575-92453-205-00",
        "mfgItem": "M001368",
        "nc": "92453_205_S2.MPF",
        "pa": "PA00110",
        "wc": "1200G350"
    },
    {
        "cycle": 65.07039999999999,
        "description": "BRACKET-UNICORN",
        "item": "V575-92453-205-00",
        "mfgItem": "M001368",
        "nc": "92453_205_S3.MPF",
        "pa": "PA00064",
        "wc": "1200G350"
    },
    {
        "cycle": 47.66716,
        "description": "BRACKET-UNICORN",
        "item": "V575-94453-200-00/C00",
        "mfgItem": "M000375",
        "nc": "94453_200_S1.MPF",
        "pa": "PA00018",
        "wc": "1200G350"
    },
    {
        "cycle": 126.46392,
        "description": "BRACKET-UNICORN",
        "item": "V575-94453-200-00/C00",
        "mfgItem": "M000375",
        "nc": "94453_200_S2.MPF",
        "pa": "PA00127",
        "wc": "1200G350"
    },
    {
        "cycle": 83.98323999999998,
        "description": "BRACKET-UNICORN",
        "item": "V575-94453-200-00/C00",
        "mfgItem": "M000375",
        "nc": "94453_200_S3.MPF",
        "pa": "PA00153",
        "wc": "1200G350"
    },
    {
        "cycle": 46.772079999999995,
        "description": "BRACKET-UNICORN",
        "item": "V575-94453-201-00/C00",
        "mfgItem": "M000463",
        "nc": "94453_201_S1.MPF",
        "pa": "PA00019",
        "wc": "1200G350"
    },
    {
        "cycle": 60.95567999999998,
        "description": "BRACKET-UNICORN",
        "item": "V575-94453-201-00/C00",
        "mfgItem": "M000463",
        "nc": "94453_201_S2.MPF",
        "pa": "PA00090",
        "wc": "1200G350"
    },
    {
        "cycle": 49.68504,
        "description": "BRACKET-UNICORN",
        "item": "V575-94453-201-00/C00",
        "mfgItem": "M000463",
        "nc": "94453_201_S3.MPF",
        "pa": "PA00122",
        "wc": "1200G350"
    },
    {
        "cycle": 42.17551999999999,
        "description": "BRACKET-F/S UPR LIR-5",
        "item": "V575-94463-200-00/D00",
        "mfgItem": "M000590",
        "nc": "94463_200_S1.MPF",
        "pa": "PA00106",
        "wc": "1200G350"
    },
    {
        "cycle": 135.29407999999998,
        "description": "BRACKET-F/S UPR LIR-5",
        "item": "V575-94463-200-00/D00",
        "mfgItem": "M000590",
        "nc": "94463_200_S2.MPF",
        "pa": "PA00077",
        "wc": "1200G350"
    },
    {
        "cycle": 151.19324000000003,
        "description": "ATWT SS2 WATER DISTRIBUTION PLATE",
        "item": "4022 481 4721/3",
        "mfgItem": "M001268",
        "nc": "481_4721_S12.MPF",
        "pa": "PA00011",
        "wc": "1200G350"
    },
    {
        "cycle": 57.37072000000001,
        "description": "ATWT SS2 WATER DISTRIBUTION PLATE",
        "item": "4022 481 4721/3",
        "mfgItem": "M001268",
        "nc": "481_4721_S34.MPF",
        "pa": "PA00016",
        "wc": "1200G350"
    },
    {
        "cycle": 184.60415999999998,
        "description": "HORIZONTAL STROKE LIMITER",
        "item": "4022 621 3700/2",
        "mfgItem": "M003553",
        "nc": "621_3700_S1.MPF",
        "pa": "PA00024",
        "wc": "1200G350"
    },
    {
        "cycle": 348.41153999999995,
        "description": "WASHER PLATE",
        "item": "4022 621 3705/2",
        "mfgItem": "M003739",
        "nc": "621_3705_S1.MPF",
        "pa": "PA00060",
        "wc": "1200G350"
    },
    {
        "cycle": 105.93409999999997,
        "description": "WASHER PLATE",
        "item": "4022 621 3705/2",
        "mfgItem": "M003739",
        "nc": "621_3705_S2.MPF",
        "pa": "PA00007",
        "wc": "1200G350"
    },
    {
        "cycle": 53.674299999999995,
        "description": "ANTI LOSS COVER",
        "item": "4022 621 3712/1",
        "mfgItem": "M003468",
        "nc": "621_3712_S1.MPF",
        "pa": "PA00050",
        "wc": "1200G350"
    },
    {
        "cycle": 37.97987999999999,
        "description": "ANTI LOSS COVER",
        "item": "4022 621 3712/1",
        "mfgItem": "M003468",
        "nc": "621_3712_S2.MPF",
        "pa": "PA00036",
        "wc": "1200G350"
    },
    {
        "cycle": 265.56492,
        "description": "XT3 SS1XY DISTRIBUTION PLATE",
        "item": "4022 631 1606/5",
        "mfgItem": "M001285",
        "nc": "631_1606_S12.MPF",
        "pa": "PA00085",
        "wc": "1200G350"
    },
    {
        "cycle": 54.31124,
        "description": "XT3 SS1XY DISTRIBUTION PLATE",
        "item": "4022 631 1606/5",
        "mfgItem": "M001285",
        "nc": "631_1606_S34.MPF",
        "pa": "PA00037",
        "wc": "1200G350"
    },
    {
        "cycle": 137.94211999999996,
        "description": "XT3 SS2XY DISTRIBUTION PLATE",
        "item": "4022 631 1660/5",
        "mfgItem": "M001286",
        "nc": "631_1660_S12.MPF",
        "pa": "PA00078",
        "wc": "1200G350"
    },
    {
        "cycle": 54.43199999999999,
        "description": "XT3 SS2XY DISTRIBUTION PLATE",
        "item": "4022 631 1660/5",
        "mfgItem": "M001286",
        "nc": "631_1660_S34.MPF",
        "pa": "PA00066",
        "wc": "1200G350"
    },
    {
        "cycle": 44.65504000000001,
        "description": "EXE WS RCW4 SSZ MANIFOLD 1",
        "item": "4022 684 3026/2",
        "mfgItem": "M003545",
        "nc": "684_3026_S1.MPF",
        "pa": "PA00016",
        "wc": "1200G350"
    },
    {
        "cycle": 45.29758,
        "description": "EXE WS RCW4 SSZ MANIFOLD 2",
        "item": "4022 684 3027/2",
        "mfgItem": "M003546",
        "nc": "684_3027_S1.MPF",
        "pa": "PA00041",
        "wc": "1200G350"
    },
    {
        "cycle": 40.54135999999999,
        "description": "EXE WS RCW4 SSZ MANIFOLD 4",
        "item": "4022 684 3029/2",
        "mfgItem": "M003548",
        "nc": "684_3029_S1.MPF",
        "pa": "PA00131",
        "wc": "1200G350"
    },
    {
        "cycle": 40.242839999999994,
        "description": "EXE WS RCW4 C2 SSXY MANIFOLD 1",
        "item": "4022 684 5603/1",
        "mfgItem": "M003819",
        "nc": "684_5603_S1.MPF",
        "pa": "PA00144",
        "wc": "1200G350"
    },
    {
        "cycle": 58.14395999999999,
        "description": "EXE WS RCW4 C2 SSXY MANIFOLD 2",
        "item": "4022 684 5604/1",
        "mfgItem": "M003820",
        "nc": "684_5604_S1.MPF",
        "pa": "PA00098",
        "wc": "1200G350"
    },
    {
        "cycle": 39.2832,
        "description": "EXE WS RCW4 C2 SSXY MANIFOLD 3",
        "item": "4022 684 5622/1",
        "mfgItem": "M003842",
        "nc": "684_5622_S1.MPF",
        "pa": "PA00020",
        "wc": "1200G350"
    },
    {
        "cycle": 330.50539999999995,
        "description": "BRACKET ASSY",
        "item": "V539-70172-200-00",
        "mfgItem": "M001884",
        "nc": "70172_200_S1.MPF",
        "pa": "PA00036",
        "wc": "1200G350"
    },
    {
        "cycle": 49.630379999999995,
        "description": "BRACKET ASSY",
        "item": "V539-70172-202-00",
        "mfgItem": "M001885",
        "nc": "70172_202_S1.MPF",
        "pa": "PA00035",
        "wc": "1200G350"
    },
    {
        "cycle": 79.00092000000001,
        "description": "BRACKET ASSY",
        "item": "V539-70172-204-00",
        "mfgItem": "M001886",
        "nc": "70172_204_S1.MPF",
        "pa": "PA00067",
        "wc": "1200G350"
    },
    {
        "cycle": 197.22773999999998,
        "description": "ATWT SS1 WATER DISTRIBUTION PLATE",
        "item": "4022 481 4718/3",
        "mfgItem": "M001267",
        "nc": "81_4718_S12.MPF",
        "pa": "PA00070",
        "wc": "1200G350"
    },
    {
        "cycle": 43.61111999999999,
        "description": "ATWT SS1 WATER DISTRIBUTION PLATE",
        "item": "4022 481 4718/3",
        "mfgItem": "M001267",
        "nc": "81_4718_S34.MPF",
        "pa": "PA00038",
        "wc": "1200G350"
    },
    {
        "cycle": 97.7308,
        "description": "AIRMOUNT INTERFACE BLOCK",
        "item": "4022 621 3696/2",
        "mfgItem": "M003760",
        "nc": "621_3696_S2.MPF",
        "pa": "PA00019",
        "wc": "1200G350"
    },
    {
        "cycle": 221.74252,
        "description": "BT BB MA BASE FRAME",
        "item": "4022 675 7327/2",
        "mfgItem": "M000744",
        "nc": "675_7327_S1.MPF",
        "pa": "PA00067",
        "wc": "1200G350"
    },
    {
        "cycle": 307.96732,
        "description": "BT BB MA BASE FRAME",
        "item": "4022 675 7327/2",
        "mfgItem": "M000744",
        "nc": "675_7327_S2.MPF",
        "pa": "PA00003",
        "wc": "1200G350"
    },
    {
        "cycle": 105.65937999999998,
        "description": "BT BB MA BASE FRAME",
        "item": "4022 675 7327/2",
        "mfgItem": "M000744",
        "nc": "675_7327_S3.MPF",
        "pa": "PA00020",
        "wc": "1200G350"
    },
    {
        "cycle": 134.16486,
        "description": "BT BB MA BASE FRAME",
        "item": "4022 675 7327/2",
        "mfgItem": "M000744",
        "nc": "675_7327_S4.MPF",
        "pa": "PA00045",
        "wc": "1200G350"
    },
    {
        "cycle": 30.438959999999998,
        "description": "BT BB MA BASE FRAME",
        "item": "4022 675 7327/2",
        "mfgItem": "M000744",
        "nc": "675_7327_S5.MPF",
        "pa": "PA00133",
        "wc": "1200G350"
    },
    {
        "cycle": 106.09346,
        "description": "TI CLIP",
        "item": "V534-90548-200-00",
        "mfgItem": "M001879",
        "nc": "90548_200_S1.MPF",
        "pa": "PA00139",
        "wc": "1200G350"
    },
    {
        "cycle": 267.39712000000003,
        "description": "TI CLIP",
        "item": "V534-90548-202-00",
        "mfgItem": "M001880",
        "nc": "90548_202_S1.MPF",
        "pa": "PA00062",
        "wc": "1200G350"
    },
    {
        "cycle": 146.85711999999998,
        "description": "TI CLIP",
        "item": "V534-90548-202-00",
        "mfgItem": "M001880",
        "nc": "90548_202_S2.MPF",
        "pa": "PA00003",
        "wc": "1200G350"
    },
    {
        "cycle": 179.06177999999997,
        "description": "TI CLIP",
        "item": "V534-90548-204-00",
        "mfgItem": "M001881",
        "nc": "90548_204_S1.MPF",
        "pa": "PA00118",
        "wc": "1200G350"
    },
    {
        "cycle": 246.98745999999997,
        "description": "TI CLIP",
        "item": "V534-90548-204-00",
        "mfgItem": "M001881",
        "nc": "90548_204_S2.MPF",
        "pa": "PA00083",
        "wc": "1200G350"
    },
    {
        "cycle": 159.61411999999999,
        "description": "BRACKET-F/S LWR LIR-5",
        "item": "V575-94462-200-00/E00",
        "mfgItem": "M000377",
        "nc": "94462_200_S1.MPF",
        "pa": "PA00035",
        "wc": "1200G350"
    },
    {
        "cycle": 67.16839999999999,
        "description": "BRACKET-F/S LWR LIR-5",
        "item": "V575-94462-200-00/E00",
        "mfgItem": "M000377",
        "nc": "94462_200_S2.MPF",
        "pa": "PA00005",
        "wc": "1200G350"
    },
    {
        "cycle": 52.87816,
        "description": "BRACKET-F/S UPR LIR-5",
        "item": "V575-94463-200-00/D00",
        "mfgItem": "M000590",
        "nc": "94463_200_S3.MPF",
        "pa": "PA00011",
        "wc": "1200G350"
    },
    {
        "cycle": 54.30622,
        "description": "WASHER PLATE",
        "item": "4022 621 3706/2",
        "mfgItem": "M003523",
        "nc": "621_3706_S1.MPF",
        "pa": "PA00051",
        "wc": "1200G350"
    },
    {
        "cycle": 57.31535999999999,
        "description": "WASHER PLATE",
        "item": "4022 621 3706/2",
        "mfgItem": "M003523",
        "nc": "621_3706_S2.MPF",
        "pa": "PA00106",
        "wc": "1200G350"
    },
    {
        "cycle": 92.53216000000002,
        "description": "BT M100 BKT1 CONN PLATE",
        "item": "4022 654 5717/1",
        "mfgItem": "M004204",
        "nc": "654_5717_S1.MPF",
        "pa": "PA00062",
        "wc": "1200G350"
    },
    {
        "cycle": 31.874879999999997,
        "description": "EXE WS RCW4 SSXY ACT MANIFOLD 1",
        "item": "4022 684 3023/4",
        "mfgItem": "M004672",
        "nc": "684_3023_S1.MPF",
        "pa": "PA00049",
        "wc": "1200G350"
    },
    {
        "cycle": 59.09759999999999,
        "description": "EXE WS RCW4 SSXY ACT MANIFOLD 1",
        "item": "4022 684 3023/4",
        "mfgItem": "M004672",
        "nc": "684_3023_S2.MPF",
        "pa": "PA00109",
        "wc": "1200G350"
    },
    {
        "cycle": 51.58716,
        "description": "EXE WS RCW4 SSXY ACT MANIFOLD 1",
        "item": "4022 684 3023/4",
        "mfgItem": "M004672",
        "nc": "684_3023_S3.MPF",
        "pa": "PA00047",
        "wc": "1200G350"
    },
    {
        "cycle": 56.593740000000004,
        "description": "EXE WS RCW4 SSXY ACT MANIFOLD 2",
        "item": "4022 684 3024/4",
        "mfgItem": "M004674",
        "nc": "684_3024_S3.MPF",
        "pa": "PA00046",
        "wc": "1200G350"
    },
    {
        "cycle": 37.06528,
        "description": "EXE WS RCW4 SSXY ACT MANIFOLD 3",
        "item": "4022 684 3025/4",
        "mfgItem": "M004675",
        "nc": "684_3025_S1.MPF",
        "pa": "PA00113",
        "wc": "1200G350"
    },
    {
        "cycle": 32.48989999999999,
        "description": "EXE WS RCW4 SSXY ACT MANIFOLD 3",
        "item": "4022 684 3025/4",
        "mfgItem": "M004675",
        "nc": "684_3025_S2.MPF",
        "pa": "PA00051",
        "wc": "1200G350"
    },
    {
        "cycle": 51.63631999999999,
        "description": "EXE WS RCW4 SSXY ACT MANIFOLD 3",
        "item": "4022 684 3025/4",
        "mfgItem": "M004675",
        "nc": "684_3025_S3.MPF",
        "pa": "PA00085",
        "wc": "1200G350"
    },
    {
        "cycle": 50.41772000000001,
        "description": "EXE WS RCW4 SSZ MANIFOLD 1",
        "item": "4022 684 3026/2",
        "mfgItem": "M003545",
        "nc": "684_3026_S2.MPF",
        "pa": "PA00111",
        "wc": "1200G350"
    },
    {
        "cycle": 35.50115999999999,
        "description": "EXE WS RCW4 SSZ MANIFOLD 1",
        "item": "4022 684 3026/2",
        "mfgItem": "M003545",
        "nc": "684_3026_S3.MPF",
        "pa": "PA00052",
        "wc": "1200G350"
    },
    {
        "cycle": 52.77868000000001,
        "description": "EXE WS RCW4 SSZ MANIFOLD 2",
        "item": "4022 684 3027/2",
        "mfgItem": "M003546",
        "nc": "684_3027_S2.MPF",
        "pa": "PA00092",
        "wc": "1200G350"
    },
    {
        "cycle": 36.8457,
        "description": "EXE WS RCW4 SSZ MANIFOLD 2",
        "item": "4022 684 3027/2",
        "mfgItem": "M003546",
        "nc": "684_3027_S3.MPF",
        "pa": "PA00119",
        "wc": "1200G350"
    },
    {
        "cycle": 31.524780000000007,
        "description": "EXE WS RCW4 SSZ MANIFOLD 3",
        "item": "4022 684 3028/2",
        "mfgItem": "M003547",
        "nc": "684_3028_S1.MPF",
        "pa": "PA00035",
        "wc": "1200G350"
    },
    {
        "cycle": 59.184,
        "description": "EXE WS RCW4 SSZ MANIFOLD 3",
        "item": "4022 684 3028/2",
        "mfgItem": "M003547",
        "nc": "684_3028_S2.MPF",
        "pa": "PA00048",
        "wc": "1200G350"
    },
    {
        "cycle": 37.97322,
        "description": "EXE WS RCW4 SSZ MANIFOLD 3",
        "item": "4022 684 3028/2",
        "mfgItem": "M003547",
        "nc": "684_3028_S3.MPF",
        "pa": "PA00039",
        "wc": "1200G350"
    },
    {
        "cycle": 34.79154,
        "description": "EXE WS RCW4 SSZ MANIFOLD 4",
        "item": "4022 684 3029/2",
        "mfgItem": "M003548",
        "nc": "684_3029_S2.MPF",
        "pa": "PA00023",
        "wc": "1200G350"
    },
    {
        "cycle": 33.29268,
        "description": "EXE WS RCW4 SSZ MANIFOLD 4",
        "item": "4022 684 3029/2",
        "mfgItem": "M003548",
        "nc": "684_3029_S3.MPF",
        "pa": "PA00066",
        "wc": "1200G350"
    },
    {
        "cycle": 80.01714,
        "description": "EXE WS RCW4 C2 SSXY MANIFOLD 1",
        "item": "4022 684 5603/1",
        "mfgItem": "M003819",
        "nc": "684_5603_S2.MPF",
        "pa": "PA00096",
        "wc": "1200G350"
    },
    {
        "cycle": 54.49391999999999,
        "description": "EXE WS RCW4 C2 SSXY MANIFOLD 1",
        "item": "4022 684 5603/1",
        "mfgItem": "M003819",
        "nc": "684_5603_S3.MPF",
        "pa": "PA00064",
        "wc": "1200G350"
    },
    {
        "cycle": 34.64152,
        "description": "EXE WS RCW4 C2 SSXY MANIFOLD 2",
        "item": "4022 684 5604/1",
        "mfgItem": "M003820",
        "nc": "684_5604_S2.MPF",
        "pa": "PA00099",
        "wc": "1200G350"
    },
    {
        "cycle": 53.079599999999985,
        "description": "EXE WS RCW4 C2 SSXY MANIFOLD 2",
        "item": "4022 684 5604/1",
        "mfgItem": "M003820",
        "nc": "684_5604_S3.MPF",
        "pa": "PA00026",
        "wc": "1200G350"
    },
    {
        "cycle": 35.72784,
        "description": "EXE WS RCW4 C2 SSZ MANIFOLD 1",
        "item": "4022 684 5605/1",
        "mfgItem": "M003827",
        "nc": "684_5605_S1.MPF",
        "pa": "PA00069",
        "wc": "1200G350"
    },
    {
        "cycle": 63.84754,
        "description": "EXE WS RCW4 C2 SSZ MANIFOLD 1",
        "item": "4022 684 5605/1",
        "mfgItem": "M003827",
        "nc": "684_5605_S2.MPF",
        "pa": "PA00139",
        "wc": "1200G350"
    },
    {
        "cycle": 34.7709,
        "description": "EXE WS RCW4 C2 SSZ MANIFOLD 1",
        "item": "4022 684 5605/1",
        "mfgItem": "M003827",
        "nc": "684_5605_S3.MPF",
        "pa": "PA00008",
        "wc": "1200G350"
    },
    {
        "cycle": 39.31872,
        "description": "EXE WS RCW4 C2 SSZ MANIFOLD 2",
        "item": "4022 684 5606/1",
        "mfgItem": "M003830",
        "nc": "684_5606_S1.MPF",
        "pa": "PA00080",
        "wc": "1200G350"
    },
    {
        "cycle": 54.71044000000001,
        "description": "EXE WS RCW4 C2 SSZ MANIFOLD 2",
        "item": "4022 684 5606/1",
        "mfgItem": "M003830",
        "nc": "684_5606_S2.MPF",
        "pa": "PA00053",
        "wc": "1200G350"
    },
    {
        "cycle": 33.92376,
        "description": "EXE WS RCW4 C2 SSZ MANIFOLD 2",
        "item": "4022 684 5606/1",
        "mfgItem": "M003830",
        "nc": "684_5606_S3.MPF",
        "pa": "PA00033",
        "wc": "1200G350"
    },
    {
        "cycle": 39.29464,
        "description": "EXE WS RCW4 C2 SSZ MANIFOLD 3",
        "item": "4022 684 5607/1",
        "mfgItem": "M003840",
        "nc": "684_5607_S1.MPF",
        "pa": "PA00043",
        "wc": "1200G350"
    },
    {
        "cycle": 52.739319999999985,
        "description": "EXE WS RCW4 C2 SSZ MANIFOLD 3",
        "item": "4022 684 5607/1",
        "mfgItem": "M003840",
        "nc": "684_5607_S2.MPF",
        "pa": "PA00112",
        "wc": "1200G350"
    },
    {
        "cycle": 38.66994,
        "description": "EXE WS RCW4 C2 SSZ MANIFOLD 3",
        "item": "4022 684 5607/1",
        "mfgItem": "M003840",
        "nc": "684_5607_S3.MPF",
        "pa": "PA00045",
        "wc": "1200G350"
    },
    {
        "cycle": 47.54994000000001,
        "description": "EXE WS RCW4 C2 SSXY MANIFOLD 3",
        "item": "4022 684 5622/1",
        "mfgItem": "M003842",
        "nc": "684_5622_S2.MPF",
        "pa": "PA00041",
        "wc": "1200G350"
    },
    {
        "cycle": 52.84432,
        "description": "EXE WS RCW4 C2 SSXY MANIFOLD 3",
        "item": "4022 684 5622/1",
        "mfgItem": "M003842",
        "nc": "684_5622_S3.MPF",
        "pa": "PA00041",
        "wc": "1200G350"
    },
    {
        "cycle": 32.129639999999995,
        "description": "DescItem-0",
        "item": "ArtItem-0",
        "mfgItem": "MfgItem-0",
        "nc": "NcItem-0-S1",
        "pa": "Overwritten_In_GeneratePalletNc",
        "wc": "WcItem-0"
    },
    {
        "cycle": 35.97159,
        "description": "DescItem-0",
        "item": "ArtItem-0",
        "mfgItem": "MfgItem-0",
        "nc": "NcItem-0-S2",
        "pa": "Overwritten_In_GeneratePalletNc",
        "wc": "WcItem-0"
    },
    {
        "cycle": 40.097469999999994,
        "description": "DescItem-1",
        "item": "ArtItem-1",
        "mfgItem": "MfgItem-1",
        "nc": "NcItem-1-S1",
        "pa": "Overwritten_In_GeneratePalletNc",
        "wc": "WcItem-1"
    },
    {
        "cycle": 46.881339999999994,
        "description": "DescItem-1",
        "item": "ArtItem-1",
        "mfgItem": "MfgItem-1",
        "nc": "NcItem-1-S2",
        "pa": "Overwritten_In_GeneratePalletNc",
        "wc": "WcItem-1"
    },
    {
        "cycle": 53.12396,
        "description": "DescItem-1",
        "item": "ArtItem-1",
        "mfgItem": "MfgItem-1",
        "nc": "NcItem-1-S3",
        "pa": "Overwritten_In_GeneratePalletNc",
        "wc": "WcItem-1"
    },
    {
        "cycle": 60.457930000000005,
        "description": "DescItem-2",
        "item": "ArtItem-2",
        "mfgItem": "MfgItem-2",
        "nc": "NcItem-2-S1",
        "pa": "Overwritten_In_GeneratePalletNc",
        "wc": "WcItem-2"
    },
    {
        "cycle": 77.34077,
        "description": "DescItem-2",
        "item": "ArtItem-2",
        "mfgItem": "MfgItem-2",
        "nc": "NcItem-2-S2",
        "pa": "Overwritten_In_GeneratePalletNc",
        "wc": "WcItem-2"
    },
    {
        "cycle": 112.26214000000002,
        "description": "DescItem-3",
        "item": "ArtItem-3",
        "mfgItem": "MfgItem-3",
        "nc": "NcItem-3-S1",
        "pa": "Overwritten_In_GeneratePalletNc",
        "wc": "WcItem-3"
    },
    {
        "cycle": 165.6963,
        "description": "DescItem-3",
        "item": "ArtItem-3",
        "mfgItem": "MfgItem-3",
        "nc": "NcItem-3-S2",
        "pa": "Overwritten_In_GeneratePalletNc",
        "wc": "WcItem-3"
    },
    {
        "cycle": 260.83743,
        "description": "DescItem-3",
        "item": "ArtItem-3",
        "mfgItem": "MfgItem-3",
        "nc": "NcItem-3-S3",
        "pa": "Overwritten_In_GeneratePalletNc",
        "wc": "WcItem-3"
    },
    {
        "cycle": 32.129639999999995,
        "description": "DescItem-4",
        "item": "ArtItem-4",
        "mfgItem": "MfgItem-4",
        "nc": "NcItem-4-S1",
        "pa": "Overwritten_In_GeneratePalletNc",
        "wc": "WcItem-4"
    },
    {
        "cycle": 35.97159,
        "description": "DescItem-4",
        "item": "ArtItem-4",
        "mfgItem": "MfgItem-4",
        "nc": "NcItem-4-S2",
        "pa": "Overwritten_In_GeneratePalletNc",
        "wc": "WcItem-4"
    },
    {
        "cycle": 40.097469999999994,
        "description": "DescItem-5",
        "item": "ArtItem-5",
        "mfgItem": "MfgItem-5",
        "nc": "NcItem-5-S1",
        "pa": "Overwritten_In_GeneratePalletNc",
        "wc": "WcItem-5"
    },
    {
        "cycle": 46.881339999999994,
        "description": "DescItem-5",
        "item": "ArtItem-5",
        "mfgItem": "MfgItem-5",
        "nc": "NcItem-5-S2",
        "pa": "Overwritten_In_GeneratePalletNc",
        "wc": "WcItem-5"
    },
    {
        "cycle": 53.12396,
        "description": "DescItem-5",
        "item": "ArtItem-5",
        "mfgItem": "MfgItem-5",
        "nc": "NcItem-5-S3",
        "pa": "Overwritten_In_GeneratePalletNc",
        "wc": "WcItem-5"
    },
    {
        "cycle": 60.457930000000005,
        "description": "DescItem-6",
        "item": "ArtItem-6",
        "mfgItem": "MfgItem-6",
        "nc": "NcItem-6-S1",
        "pa": "Overwritten_In_GeneratePalletNc",
        "wc": "WcItem-6"
    },
    {
        "cycle": 77.34077,
        "description": "DescItem-6",
        "item": "ArtItem-6",
        "mfgItem": "MfgItem-6",
        "nc": "NcItem-6-S2",
        "pa": "Overwritten_In_GeneratePalletNc",
        "wc": "WcItem-6"
    },
    {
        "cycle": 112.26214000000002,
        "description": "DescItem-7",
        "item": "ArtItem-7",
        "mfgItem": "MfgItem-7",
        "nc": "NcItem-7-S1",
        "pa": "Overwritten_In_GeneratePalletNc",
        "wc": "WcItem-7"
    },
    {
        "cycle": 165.6963,
        "description": "DescItem-7",
        "item": "ArtItem-7",
        "mfgItem": "MfgItem-7",
        "nc": "NcItem-7-S2",
        "pa": "Overwritten_In_GeneratePalletNc",
        "wc": "WcItem-7"
    },
    {
        "cycle": 260.83743,
        "description": "DescItem-7",
        "item": "ArtItem-7",
        "mfgItem": "MfgItem-7",
        "nc": "NcItem-7-S3",
        "pa": "Overwritten_In_GeneratePalletNc",
        "wc": "WcItem-7"
    },
    {
        "cycle": 32.129639999999995,
        "description": "DescItem-8",
        "item": "ArtItem-8",
        "mfgItem": "MfgItem-8",
        "nc": "NcItem-8-S1",
        "pa": "Overwritten_In_GeneratePalletNc",
        "wc": "WcItem-8"
    },
    {
        "cycle": 35.97159,
        "description": "DescItem-8",
        "item": "ArtItem-8",
        "mfgItem": "MfgItem-8",
        "nc": "NcItem-8-S2",
        "pa": "Overwritten_In_GeneratePalletNc",
        "wc": "WcItem-8"
    },
    {
        "cycle": 40.097469999999994,
        "description": "DescItem-9",
        "item": "ArtItem-9",
        "mfgItem": "MfgItem-9",
        "nc": "NcItem-9-S1",
        "pa": "Overwritten_In_GeneratePalletNc",
        "wc": "WcItem-9"
    },
    {
        "cycle": 46.881339999999994,
        "description": "DescItem-9",
        "item": "ArtItem-9",
        "mfgItem": "MfgItem-9",
        "nc": "NcItem-9-S2",
        "pa": "Overwritten_In_GeneratePalletNc",
        "wc": "WcItem-9"
    },
    {
        "cycle": 53.12396,
        "description": "DescItem-9",
        "item": "ArtItem-9",
        "mfgItem": "MfgItem-9",
        "nc": "NcItem-9-S3",
        "pa": "Overwritten_In_GeneratePalletNc",
        "wc": "WcItem-9"
    },
    {
        "cycle": 60.457930000000005,
        "description": "DescItem-10",
        "item": "ArtItem-10",
        "mfgItem": "MfgItem-10",
        "nc": "NcItem-10-S1",
        "pa": "Overwritten_In_GeneratePalletNc",
        "wc": "WcItem-10"
    },
    {
        "cycle": 77.34077,
        "description": "DescItem-10",
        "item": "ArtItem-10",
        "mfgItem": "MfgItem-10",
        "nc": "NcItem-10-S2",
        "pa": "Overwritten_In_GeneratePalletNc",
        "wc": "WcItem-10"
    },
    {
        "cycle": 112.26214000000002,
        "description": "DescItem-11",
        "item": "ArtItem-11",
        "mfgItem": "MfgItem-11",
        "nc": "NcItem-11-S1",
        "pa": "Overwritten_In_GeneratePalletNc",
        "wc": "WcItem-11"
    },
    {
        "cycle": 165.6963,
        "description": "DescItem-11",
        "item": "ArtItem-11",
        "mfgItem": "MfgItem-11",
        "nc": "NcItem-11-S2",
        "pa": "Overwritten_In_GeneratePalletNc",
        "wc": "WcItem-11"
    },
    {
        "cycle": 260.83743,
        "description": "DescItem-11",
        "item": "ArtItem-11",
        "mfgItem": "MfgItem-11",
        "nc": "NcItem-11-S3",
        "pa": "Overwritten_In_GeneratePalletNc",
        "wc": "WcItem-11"
    },
    {
        "cycle": 32.129639999999995,
        "description": "DescItem-12",
        "item": "ArtItem-12",
        "mfgItem": "MfgItem-12",
        "nc": "NcItem-12-S1",
        "pa": "Overwritten_In_GeneratePalletNc",
        "wc": "WcItem-12"
    },
    {
        "cycle": 35.97159,
        "description": "DescItem-12",
        "item": "ArtItem-12",
        "mfgItem": "MfgItem-12",
        "nc": "NcItem-12-S2",
        "pa": "Overwritten_In_GeneratePalletNc",
        "wc": "WcItem-12"
    },
    {
        "cycle": 40.097469999999994,
        "description": "DescItem-13",
        "item": "ArtItem-13",
        "mfgItem": "MfgItem-13",
        "nc": "NcItem-13-S1",
        "pa": "Overwritten_In_GeneratePalletNc",
        "wc": "WcItem-13"
    },
    {
        "cycle": 46.881339999999994,
        "description": "DescItem-13",
        "item": "ArtItem-13",
        "mfgItem": "MfgItem-13",
        "nc": "NcItem-13-S2",
        "pa": "Overwritten_In_GeneratePalletNc",
        "wc": "WcItem-13"
    },
    {
        "cycle": 53.12396,
        "description": "DescItem-13",
        "item": "ArtItem-13",
        "mfgItem": "MfgItem-13",
        "nc": "NcItem-13-S3",
        "pa": "Overwritten_In_GeneratePalletNc",
        "wc": "WcItem-13"
    },
    {
        "cycle": 60.457930000000005,
        "description": "DescItem-14",
        "item": "ArtItem-14",
        "mfgItem": "MfgItem-14",
        "nc": "NcItem-14-S1",
        "pa": "Overwritten_In_GeneratePalletNc",
        "wc": "WcItem-14"
    },
    {
        "cycle": 77.34077,
        "description": "DescItem-14",
        "item": "ArtItem-14",
        "mfgItem": "MfgItem-14",
        "nc": "NcItem-14-S2",
        "pa": "Overwritten_In_GeneratePalletNc",
        "wc": "WcItem-14"
    },
    {
        "cycle": 112.26214000000002,
        "description": "DescItem-15",
        "item": "ArtItem-15",
        "mfgItem": "MfgItem-15",
        "nc": "NcItem-15-S1",
        "pa": "Overwritten_In_GeneratePalletNc",
        "wc": "WcItem-15"
    },
    {
        "cycle": 165.6963,
        "description": "DescItem-15",
        "item": "ArtItem-15",
        "mfgItem": "MfgItem-15",
        "nc": "NcItem-15-S2",
        "pa": "Overwritten_In_GeneratePalletNc",
        "wc": "WcItem-15"
    },
    {
        "cycle": 260.83743,
        "description": "DescItem-15",
        "item": "ArtItem-15",
        "mfgItem": "MfgItem-15",
        "nc": "NcItem-15-S3",
        "pa": "Overwritten_In_GeneratePalletNc",
        "wc": "WcItem-15"
    },
    {
        "cycle": 32.129639999999995,
        "description": "DescItem-16",
        "item": "ArtItem-16",
        "mfgItem": "MfgItem-16",
        "nc": "NcItem-16-S1",
        "pa": "Overwritten_In_GeneratePalletNc",
        "wc": "WcItem-16"
    },
    {
        "cycle": 35.97159,
        "description": "DescItem-16",
        "item": "ArtItem-16",
        "mfgItem": "MfgItem-16",
        "nc": "NcItem-16-S2",
        "pa": "Overwritten_In_GeneratePalletNc",
        "wc": "WcItem-16"
    },
    {
        "cycle": 40.097469999999994,
        "description": "DescItem-17",
        "item": "ArtItem-17",
        "mfgItem": "MfgItem-17",
        "nc": "NcItem-17-S1",
        "pa": "Overwritten_In_GeneratePalletNc",
        "wc": "WcItem-17"
    },
    {
        "cycle": 46.881339999999994,
        "description": "DescItem-17",
        "item": "ArtItem-17",
        "mfgItem": "MfgItem-17",
        "nc": "NcItem-17-S2",
        "pa": "Overwritten_In_GeneratePalletNc",
        "wc": "WcItem-17"
    },
    {
        "cycle": 53.12396,
        "description": "DescItem-17",
        "item": "ArtItem-17",
        "mfgItem": "MfgItem-17",
        "nc": "NcItem-17-S3",
        "pa": "Overwritten_In_GeneratePalletNc",
        "wc": "WcItem-17"
    },
    {
        "cycle": 60.457930000000005,
        "description": "DescItem-18",
        "item": "ArtItem-18",
        "mfgItem": "MfgItem-18",
        "nc": "NcItem-18-S1",
        "pa": "Overwritten_In_GeneratePalletNc",
        "wc": "WcItem-18"
    },
    {
        "cycle": 77.34077,
        "description": "DescItem-18",
        "item": "ArtItem-18",
        "mfgItem": "MfgItem-18",
        "nc": "NcItem-18-S2",
        "pa": "Overwritten_In_GeneratePalletNc",
        "wc": "WcItem-18"
    },
    {
        "cycle": 112.26214000000002,
        "description": "DescItem-19",
        "item": "ArtItem-19",
        "mfgItem": "MfgItem-19",
        "nc": "NcItem-19-S1",
        "pa": "Overwritten_In_GeneratePalletNc",
        "wc": "WcItem-19"
    },
    {
        "cycle": 165.6963,
        "description": "DescItem-19",
        "item": "ArtItem-19",
        "mfgItem": "MfgItem-19",
        "nc": "NcItem-19-S2",
        "pa": "Overwritten_In_GeneratePalletNc",
        "wc": "WcItem-19"
    },
    {
        "cycle": 260.83743,
        "description": "DescItem-19",
        "item": "ArtItem-19",
        "mfgItem": "MfgItem-19",
        "nc": "NcItem-19-S3",
        "pa": "Overwritten_In_GeneratePalletNc",
        "wc": "WcItem-19"
    },
    {
        "cycle": 32.129639999999995,
        "description": "DescItem-20",
        "item": "ArtItem-20",
        "mfgItem": "MfgItem-20",
        "nc": "NcItem-20-S1",
        "pa": "Overwritten_In_GeneratePalletNc",
        "wc": "WcItem-20"
    },
    {
        "cycle": 35.97159,
        "description": "DescItem-20",
        "item": "ArtItem-20",
        "mfgItem": "MfgItem-20",
        "nc": "NcItem-20-S2",
        "pa": "Overwritten_In_GeneratePalletNc",
        "wc": "WcItem-20"
    },
    {
        "cycle": 40.097469999999994,
        "description": "DescItem-21",
        "item": "ArtItem-21",
        "mfgItem": "MfgItem-21",
        "nc": "NcItem-21-S1",
        "pa": "Overwritten_In_GeneratePalletNc",
        "wc": "WcItem-21"
    },
    {
        "cycle": 46.881339999999994,
        "description": "DescItem-21",
        "item": "ArtItem-21",
        "mfgItem": "MfgItem-21",
        "nc": "NcItem-21-S2",
        "pa": "Overwritten_In_GeneratePalletNc",
        "wc": "WcItem-21"
    },
    {
        "cycle": 53.12396,
        "description": "DescItem-21",
        "item": "ArtItem-21",
        "mfgItem": "MfgItem-21",
        "nc": "NcItem-21-S3",
        "pa": "Overwritten_In_GeneratePalletNc",
        "wc": "WcItem-21"
    },
    {
        "cycle": 60.457930000000005,
        "description": "DescItem-22",
        "item": "ArtItem-22",
        "mfgItem": "MfgItem-22",
        "nc": "NcItem-22-S1",
        "pa": "Overwritten_In_GeneratePalletNc",
        "wc": "WcItem-22"
    },
    {
        "cycle": 77.34077,
        "description": "DescItem-22",
        "item": "ArtItem-22",
        "mfgItem": "MfgItem-22",
        "nc": "NcItem-22-S2",
        "pa": "Overwritten_In_GeneratePalletNc",
        "wc": "WcItem-22"
    },
    {
        "cycle": 112.26214000000002,
        "description": "DescItem-23",
        "item": "ArtItem-23",
        "mfgItem": "MfgItem-23",
        "nc": "NcItem-23-S1",
        "pa": "Overwritten_In_GeneratePalletNc",
        "wc": "WcItem-23"
    },
    {
        "cycle": 165.6963,
        "description": "DescItem-23",
        "item": "ArtItem-23",
        "mfgItem": "MfgItem-23",
        "nc": "NcItem-23-S2",
        "pa": "Overwritten_In_GeneratePalletNc",
        "wc": "WcItem-23"
    },
    {
        "cycle": 260.83743,
        "description": "DescItem-23",
        "item": "ArtItem-23",
        "mfgItem": "MfgItem-23",
        "nc": "NcItem-23-S3",
        "pa": "Overwritten_In_GeneratePalletNc",
        "wc": "WcItem-23"
    },
    {
        "cycle": 32.129639999999995,
        "description": "DescItem-24",
        "item": "ArtItem-24",
        "mfgItem": "MfgItem-24",
        "nc": "NcItem-24-S1",
        "pa": "Overwritten_In_GeneratePalletNc",
        "wc": "WcItem-24"
    },
    {
        "cycle": 35.97159,
        "description": "DescItem-24",
        "item": "ArtItem-24",
        "mfgItem": "MfgItem-24",
        "nc": "NcItem-24-S2",
        "pa": "Overwritten_In_GeneratePalletNc",
        "wc": "WcItem-24"
    },
    {
        "cycle": 40.097469999999994,
        "description": "DescItem-25",
        "item": "ArtItem-25",
        "mfgItem": "MfgItem-25",
        "nc": "NcItem-25-S1",
        "pa": "Overwritten_In_GeneratePalletNc",
        "wc": "WcItem-25"
    },
    {
        "cycle": 46.881339999999994,
        "description": "DescItem-25",
        "item": "ArtItem-25",
        "mfgItem": "MfgItem-25",
        "nc": "NcItem-25-S2",
        "pa": "Overwritten_In_GeneratePalletNc",
        "wc": "WcItem-25"
    },
    {
        "cycle": 53.12396,
        "description": "DescItem-25",
        "item": "ArtItem-25",
        "mfgItem": "MfgItem-25",
        "nc": "NcItem-25-S3",
        "pa": "Overwritten_In_GeneratePalletNc",
        "wc": "WcItem-25"
    },
    {
        "cycle": 60.457930000000005,
        "description": "DescItem-26",
        "item": "ArtItem-26",
        "mfgItem": "MfgItem-26",
        "nc": "NcItem-26-S1",
        "pa": "Overwritten_In_GeneratePalletNc",
        "wc": "WcItem-26"
    },
    {
        "cycle": 77.34077,
        "description": "DescItem-26",
        "item": "ArtItem-26",
        "mfgItem": "MfgItem-26",
        "nc": "NcItem-26-S2",
        "pa": "Overwritten_In_GeneratePalletNc",
        "wc": "WcItem-26"
    },
    {
        "cycle": 112.26214000000002,
        "description": "DescItem-27",
        "item": "ArtItem-27",
        "mfgItem": "MfgItem-27",
        "nc": "NcItem-27-S1",
        "pa": "Overwritten_In_GeneratePalletNc",
        "wc": "WcItem-27"
    },
    {
        "cycle": 165.6963,
        "description": "DescItem-27",
        "item": "ArtItem-27",
        "mfgItem": "MfgItem-27",
        "nc": "NcItem-27-S2",
        "pa": "Overwritten_In_GeneratePalletNc",
        "wc": "WcItem-27"
    },
    {
        "cycle": 260.83743,
        "description": "DescItem-27",
        "item": "ArtItem-27",
        "mfgItem": "MfgItem-27",
        "nc": "NcItem-27-S3",
        "pa": "Overwritten_In_GeneratePalletNc",
        "wc": "WcItem-27"
    },
    {
        "cycle": 32.129639999999995,
        "description": "DescItem-28",
        "item": "ArtItem-28",
        "mfgItem": "MfgItem-28",
        "nc": "NcItem-28-S1",
        "pa": "Overwritten_In_GeneratePalletNc",
        "wc": "WcItem-28"
    },
    {
        "cycle": 35.97159,
        "description": "DescItem-28",
        "item": "ArtItem-28",
        "mfgItem": "MfgItem-28",
        "nc": "NcItem-28-S2",
        "pa": "Overwritten_In_GeneratePalletNc",
        "wc": "WcItem-28"
    },
    {
        "cycle": 40.097469999999994,
        "description": "DescItem-29",
        "item": "ArtItem-29",
        "mfgItem": "MfgItem-29",
        "nc": "NcItem-29-S1",
        "pa": "Overwritten_In_GeneratePalletNc",
        "wc": "WcItem-29"
    },
    {
        "cycle": 46.881339999999994,
        "description": "DescItem-29",
        "item": "ArtItem-29",
        "mfgItem": "MfgItem-29",
        "nc": "NcItem-29-S2",
        "pa": "Overwritten_In_GeneratePalletNc",
        "wc": "WcItem-29"
    },
    {
        "cycle": 53.12396,
        "description": "DescItem-29",
        "item": "ArtItem-29",
        "mfgItem": "MfgItem-29",
        "nc": "NcItem-29-S3",
        "pa": "Overwritten_In_GeneratePalletNc",
        "wc": "WcItem-29"
    },
    {
        "cycle": 60.457930000000005,
        "description": "DescItem-30",
        "item": "ArtItem-30",
        "mfgItem": "MfgItem-30",
        "nc": "NcItem-30-S1",
        "pa": "Overwritten_In_GeneratePalletNc",
        "wc": "WcItem-30"
    },
    {
        "cycle": 77.34077,
        "description": "DescItem-30",
        "item": "ArtItem-30",
        "mfgItem": "MfgItem-30",
        "nc": "NcItem-30-S2",
        "pa": "Overwritten_In_GeneratePalletNc",
        "wc": "WcItem-30"
    },
    {
        "cycle": 112.26214000000002,
        "description": "DescItem-31",
        "item": "ArtItem-31",
        "mfgItem": "MfgItem-31",
        "nc": "NcItem-31-S1",
        "pa": "Overwritten_In_GeneratePalletNc",
        "wc": "WcItem-31"
    },
    {
        "cycle": 165.6963,
        "description": "DescItem-31",
        "item": "ArtItem-31",
        "mfgItem": "MfgItem-31",
        "nc": "NcItem-31-S2",
        "pa": "Overwritten_In_GeneratePalletNc",
        "wc": "WcItem-31"
    },
    {
        "cycle": 260.83743,
        "description": "DescItem-31",
        "item": "ArtItem-31",
        "mfgItem": "MfgItem-31",
        "nc": "NcItem-31-S3",
        "pa": "Overwritten_In_GeneratePalletNc",
        "wc": "WcItem-31"
    },
    {
        "cycle": 32.129639999999995,
        "description": "DescItem-32",
        "item": "ArtItem-32",
        "mfgItem": "MfgItem-32",
        "nc": "NcItem-32-S1",
        "pa": "Overwritten_In_GeneratePalletNc",
        "wc": "WcItem-32"
    },
    {
        "cycle": 35.97159,
        "description": "DescItem-32",
        "item": "ArtItem-32",
        "mfgItem": "MfgItem-32",
        "nc": "NcItem-32-S2",
        "pa": "Overwritten_In_GeneratePalletNc",
        "wc": "WcItem-32"
    },
    {
        "cycle": 40.097469999999994,
        "description": "DescItem-33",
        "item": "ArtItem-33",
        "mfgItem": "MfgItem-33",
        "nc": "NcItem-33-S1",
        "pa": "Overwritten_In_GeneratePalletNc",
        "wc": "WcItem-33"
    },
    {
        "cycle": 46.881339999999994,
        "description": "DescItem-33",
        "item": "ArtItem-33",
        "mfgItem": "MfgItem-33",
        "nc": "NcItem-33-S2",
        "pa": "Overwritten_In_GeneratePalletNc",
        "wc": "WcItem-33"
    },
    {
        "cycle": 53.12396,
        "description": "DescItem-33",
        "item": "ArtItem-33",
        "mfgItem": "MfgItem-33",
        "nc": "NcItem-33-S3",
        "pa": "Overwritten_In_GeneratePalletNc",
        "wc": "WcItem-33"
    },
    {
        "cycle": 60.457930000000005,
        "description": "DescItem-34",
        "item": "ArtItem-34",
        "mfgItem": "MfgItem-34",
        "nc": "NcItem-34-S1",
        "pa": "Overwritten_In_GeneratePalletNc",
        "wc": "WcItem-34"
    },
    {
        "cycle": 77.34077,
        "description": "DescItem-34",
        "item": "ArtItem-34",
        "mfgItem": "MfgItem-34",
        "nc": "NcItem-34-S2",
        "pa": "Overwritten_In_GeneratePalletNc",
        "wc": "WcItem-34"
    },
    {
        "cycle": 112.26214000000002,
        "description": "DescItem-35",
        "item": "ArtItem-35",
        "mfgItem": "MfgItem-35",
        "nc": "NcItem-35-S1",
        "pa": "Overwritten_In_GeneratePalletNc",
        "wc": "WcItem-35"
    },
    {
        "cycle": 165.6963,
        "description": "DescItem-35",
        "item": "ArtItem-35",
        "mfgItem": "MfgItem-35",
        "nc": "NcItem-35-S2",
        "pa": "Overwritten_In_GeneratePalletNc",
        "wc": "WcItem-35"
    },
    {
        "cycle": 260.83743,
        "description": "DescItem-35",
        "item": "ArtItem-35",
        "mfgItem": "MfgItem-35",
        "nc": "NcItem-35-S3",
        "pa": "Overwritten_In_GeneratePalletNc",
        "wc": "WcItem-35"
    },
    {
        "cycle": 32.129639999999995,
        "description": "DescItem-36",
        "item": "ArtItem-36",
        "mfgItem": "MfgItem-36",
        "nc": "NcItem-36-S1",
        "pa": "Overwritten_In_GeneratePalletNc",
        "wc": "WcItem-36"
    },
    {
        "cycle": 35.97159,
        "description": "DescItem-36",
        "item": "ArtItem-36",
        "mfgItem": "MfgItem-36",
        "nc": "NcItem-36-S2",
        "pa": "Overwritten_In_GeneratePalletNc",
        "wc": "WcItem-36"
    },
    {
        "cycle": 40.097469999999994,
        "description": "DescItem-37",
        "item": "ArtItem-37",
        "mfgItem": "MfgItem-37",
        "nc": "NcItem-37-S1",
        "pa": "Overwritten_In_GeneratePalletNc",
        "wc": "WcItem-37"
    },
    {
        "cycle": 46.881339999999994,
        "description": "DescItem-37",
        "item": "ArtItem-37",
        "mfgItem": "MfgItem-37",
        "nc": "NcItem-37-S2",
        "pa": "Overwritten_In_GeneratePalletNc",
        "wc": "WcItem-37"
    },
    {
        "cycle": 53.12396,
        "description": "DescItem-37",
        "item": "ArtItem-37",
        "mfgItem": "MfgItem-37",
        "nc": "NcItem-37-S3",
        "pa": "Overwritten_In_GeneratePalletNc",
        "wc": "WcItem-37"
    },
    {
        "cycle": 60.457930000000005,
        "description": "DescItem-38",
        "item": "ArtItem-38",
        "mfgItem": "MfgItem-38",
        "nc": "NcItem-38-S1",
        "pa": "Overwritten_In_GeneratePalletNc",
        "wc": "WcItem-38"
    },
    {
        "cycle": 77.34077,
        "description": "DescItem-38",
        "item": "ArtItem-38",
        "mfgItem": "MfgItem-38",
        "nc": "NcItem-38-S2",
        "pa": "Overwritten_In_GeneratePalletNc",
        "wc": "WcItem-38"
    },
    {
        "cycle": 112.26214000000002,
        "description": "DescItem-39",
        "item": "ArtItem-39",
        "mfgItem": "MfgItem-39",
        "nc": "NcItem-39-S1",
        "pa": "Overwritten_In_GeneratePalletNc",
        "wc": "WcItem-39"
    },
    {
        "cycle": 165.6963,
        "description": "DescItem-39",
        "item": "ArtItem-39",
        "mfgItem": "MfgItem-39",
        "nc": "NcItem-39-S2",
        "pa": "Overwritten_In_GeneratePalletNc",
        "wc": "WcItem-39"
    },
    {
        "cycle": 260.83743,
        "description": "DescItem-39",
        "item": "ArtItem-39",
        "mfgItem": "MfgItem-39",
        "nc": "NcItem-39-S3",
        "pa": "Overwritten_In_GeneratePalletNc",
        "wc": "WcItem-39"
    },
    {
        "cycle": 32.129639999999995,
        "description": "DescItem-40",
        "item": "ArtItem-40",
        "mfgItem": "MfgItem-40",
        "nc": "NcItem-40-S1",
        "pa": "Overwritten_In_GeneratePalletNc",
        "wc": "WcItem-40"
    },
    {
        "cycle": 35.97159,
        "description": "DescItem-40",
        "item": "ArtItem-40",
        "mfgItem": "MfgItem-40",
        "nc": "NcItem-40-S2",
        "pa": "Overwritten_In_GeneratePalletNc",
        "wc": "WcItem-40"
    },
    {
        "cycle": 40.097469999999994,
        "description": "DescItem-41",
        "item": "ArtItem-41",
        "mfgItem": "MfgItem-41",
        "nc": "NcItem-41-S1",
        "pa": "Overwritten_In_GeneratePalletNc",
        "wc": "WcItem-41"
    },
    {
        "cycle": 46.881339999999994,
        "description": "DescItem-41",
        "item": "ArtItem-41",
        "mfgItem": "MfgItem-41",
        "nc": "NcItem-41-S2",
        "pa": "Overwritten_In_GeneratePalletNc",
        "wc": "WcItem-41"
    },
    {
        "cycle": 53.12396,
        "description": "DescItem-41",
        "item": "ArtItem-41",
        "mfgItem": "MfgItem-41",
        "nc": "NcItem-41-S3",
        "pa": "Overwritten_In_GeneratePalletNc",
        "wc": "WcItem-41"
    },
    {
        "cycle": 60.457930000000005,
        "description": "DescItem-42",
        "item": "ArtItem-42",
        "mfgItem": "MfgItem-42",
        "nc": "NcItem-42-S1",
        "pa": "Overwritten_In_GeneratePalletNc",
        "wc": "WcItem-42"
    },
    {
        "cycle": 77.34077,
        "description": "DescItem-42",
        "item": "ArtItem-42",
        "mfgItem": "MfgItem-42",
        "nc": "NcItem-42-S2",
        "pa": "Overwritten_In_GeneratePalletNc",
        "wc": "WcItem-42"
    },
    {
        "cycle": 112.26214000000002,
        "description": "DescItem-43",
        "item": "ArtItem-43",
        "mfgItem": "MfgItem-43",
        "nc": "NcItem-43-S1",
        "pa": "Overwritten_In_GeneratePalletNc",
        "wc": "WcItem-43"
    },
    {
        "cycle": 165.6963,
        "description": "DescItem-43",
        "item": "ArtItem-43",
        "mfgItem": "MfgItem-43",
        "nc": "NcItem-43-S2",
        "pa": "Overwritten_In_GeneratePalletNc",
        "wc": "WcItem-43"
    },
    {
        "cycle": 260.83743,
        "description": "DescItem-43",
        "item": "ArtItem-43",
        "mfgItem": "MfgItem-43",
        "nc": "NcItem-43-S3",
        "pa": "Overwritten_In_GeneratePalletNc",
        "wc": "WcItem-43"
    },
    {
        "cycle": 32.129639999999995,
        "description": "DescItem-44",
        "item": "ArtItem-44",
        "mfgItem": "MfgItem-44",
        "nc": "NcItem-44-S1",
        "pa": "Overwritten_In_GeneratePalletNc",
        "wc": "WcItem-44"
    },
    {
        "cycle": 35.97159,
        "description": "DescItem-44",
        "item": "ArtItem-44",
        "mfgItem": "MfgItem-44",
        "nc": "NcItem-44-S2",
        "pa": "Overwritten_In_GeneratePalletNc",
        "wc": "WcItem-44"
    },
    {
        "cycle": 40.097469999999994,
        "description": "DescItem-45",
        "item": "ArtItem-45",
        "mfgItem": "MfgItem-45",
        "nc": "NcItem-45-S1",
        "pa": "Overwritten_In_GeneratePalletNc",
        "wc": "WcItem-45"
    },
    {
        "cycle": 46.881339999999994,
        "description": "DescItem-45",
        "item": "ArtItem-45",
        "mfgItem": "MfgItem-45",
        "nc": "NcItem-45-S2",
        "pa": "Overwritten_In_GeneratePalletNc",
        "wc": "WcItem-45"
    },
    {
        "cycle": 53.12396,
        "description": "DescItem-45",
        "item": "ArtItem-45",
        "mfgItem": "MfgItem-45",
        "nc": "NcItem-45-S3",
        "pa": "Overwritten_In_GeneratePalletNc",
        "wc": "WcItem-45"
    },
    {
        "cycle": 60.457930000000005,
        "description": "DescItem-46",
        "item": "ArtItem-46",
        "mfgItem": "MfgItem-46",
        "nc": "NcItem-46-S1",
        "pa": "Overwritten_In_GeneratePalletNc",
        "wc": "WcItem-46"
    },
    {
        "cycle": 77.34077,
        "description": "DescItem-46",
        "item": "ArtItem-46",
        "mfgItem": "MfgItem-46",
        "nc": "NcItem-46-S2",
        "pa": "Overwritten_In_GeneratePalletNc",
        "wc": "WcItem-46"
    },
    {
        "cycle": 112.26214000000002,
        "description": "DescItem-47",
        "item": "ArtItem-47",
        "mfgItem": "MfgItem-47",
        "nc": "NcItem-47-S1",
        "pa": "Overwritten_In_GeneratePalletNc",
        "wc": "WcItem-47"
    },
    {
        "cycle": 165.6963,
        "description": "DescItem-47",
        "item": "ArtItem-47",
        "mfgItem": "MfgItem-47",
        "nc": "NcItem-47-S2",
        "pa": "Overwritten_In_GeneratePalletNc",
        "wc": "WcItem-47"
    },
    {
        "cycle": 260.83743,
        "description": "DescItem-47",
        "item": "ArtItem-47",
        "mfgItem": "MfgItem-47",
        "nc": "NcItem-47-S3",
        "pa": "Overwritten_In_GeneratePalletNc",
        "wc": "WcItem-47"
    },
    {
        "cycle": 32.129639999999995,
        "description": "DescItem-48",
        "item": "ArtItem-48",
        "mfgItem": "MfgItem-48",
        "nc": "NcItem-48-S1",
        "pa": "Overwritten_In_GeneratePalletNc",
        "wc": "WcItem-48"
    },
    {
        "cycle": 35.97159,
        "description": "DescItem-48",
        "item": "ArtItem-48",
        "mfgItem": "MfgItem-48",
        "nc": "NcItem-48-S2",
        "pa": "Overwritten_In_GeneratePalletNc",
        "wc": "WcItem-48"
    },
    {
        "cycle": 40.097469999999994,
        "description": "DescItem-49",
        "item": "ArtItem-49",
        "mfgItem": "MfgItem-49",
        "nc": "NcItem-49-S1",
        "pa": "Overwritten_In_GeneratePalletNc",
        "wc": "WcItem-49"
    },
    {
        "cycle": 46.881339999999994,
        "description": "DescItem-49",
        "item": "ArtItem-49",
        "mfgItem": "MfgItem-49",
        "nc": "NcItem-49-S2",
        "pa": "Overwritten_In_GeneratePalletNc",
        "wc": "WcItem-49"
    },
    {
        "cycle": 53.12396,
        "description": "DescItem-49",
        "item": "ArtItem-49",
        "mfgItem": "MfgItem-49",
        "nc": "NcItem-49-S3",
        "pa": "Overwritten_In_GeneratePalletNc",
        "wc": "WcItem-49"
    },
    {
        "cycle": 60.457930000000005,
        "description": "DescItem-50",
        "item": "ArtItem-50",
        "mfgItem": "MfgItem-50",
        "nc": "NcItem-50-S1",
        "pa": "Overwritten_In_GeneratePalletNc",
        "wc": "WcItem-50"
    },
    {
        "cycle": 77.34077,
        "description": "DescItem-50",
        "item": "ArtItem-50",
        "mfgItem": "MfgItem-50",
        "nc": "NcItem-50-S2",
        "pa": "Overwritten_In_GeneratePalletNc",
        "wc": "WcItem-50"
    },
    {
        "cycle": 112.26214000000002,
        "description": "DescItem-51",
        "item": "ArtItem-51",
        "mfgItem": "MfgItem-51",
        "nc": "NcItem-51-S1",
        "pa": "Overwritten_In_GeneratePalletNc",
        "wc": "WcItem-51"
    },
    {
        "cycle": 165.6963,
        "description": "DescItem-51",
        "item": "ArtItem-51",
        "mfgItem": "MfgItem-51",
        "nc": "NcItem-51-S2",
        "pa": "Overwritten_In_GeneratePalletNc",
        "wc": "WcItem-51"
    },
    {
        "cycle": 260.83743,
        "description": "DescItem-51",
        "item": "ArtItem-51",
        "mfgItem": "MfgItem-51",
        "nc": "NcItem-51-S3",
        "pa": "Overwritten_In_GeneratePalletNc",
        "wc": "WcItem-51"
    },
    {
        "cycle": 32.129639999999995,
        "description": "DescItem-52",
        "item": "ArtItem-52",
        "mfgItem": "MfgItem-52",
        "nc": "NcItem-52-S1",
        "pa": "Overwritten_In_GeneratePalletNc",
        "wc": "WcItem-52"
    },
    {
        "cycle": 35.97159,
        "description": "DescItem-52",
        "item": "ArtItem-52",
        "mfgItem": "MfgItem-52",
        "nc": "NcItem-52-S2",
        "pa": "Overwritten_In_GeneratePalletNc",
        "wc": "WcItem-52"
    },
    {
        "cycle": 40.097469999999994,
        "description": "DescItem-53",
        "item": "ArtItem-53",
        "mfgItem": "MfgItem-53",
        "nc": "NcItem-53-S1",
        "pa": "Overwritten_In_GeneratePalletNc",
        "wc": "WcItem-53"
    },
    {
        "cycle": 46.881339999999994,
        "description": "DescItem-53",
        "item": "ArtItem-53",
        "mfgItem": "MfgItem-53",
        "nc": "NcItem-53-S2",
        "pa": "Overwritten_In_GeneratePalletNc",
        "wc": "WcItem-53"
    },
    {
        "cycle": 53.12396,
        "description": "DescItem-53",
        "item": "ArtItem-53",
        "mfgItem": "MfgItem-53",
        "nc": "NcItem-53-S3",
        "pa": "Overwritten_In_GeneratePalletNc",
        "wc": "WcItem-53"
    },
    {
        "cycle": 60.457930000000005,
        "description": "DescItem-54",
        "item": "ArtItem-54",
        "mfgItem": "MfgItem-54",
        "nc": "NcItem-54-S1",
        "pa": "Overwritten_In_GeneratePalletNc",
        "wc": "WcItem-54"
    },
    {
        "cycle": 77.34077,
        "description": "DescItem-54",
        "item": "ArtItem-54",
        "mfgItem": "MfgItem-54",
        "nc": "NcItem-54-S2",
        "pa": "Overwritten_In_GeneratePalletNc",
        "wc": "WcItem-54"
    },
    {
        "cycle": 112.26214000000002,
        "description": "DescItem-55",
        "item": "ArtItem-55",
        "mfgItem": "MfgItem-55",
        "nc": "NcItem-55-S1",
        "pa": "Overwritten_In_GeneratePalletNc",
        "wc": "WcItem-55"
    },
    {
        "cycle": 165.6963,
        "description": "DescItem-55",
        "item": "ArtItem-55",
        "mfgItem": "MfgItem-55",
        "nc": "NcItem-55-S2",
        "pa": "Overwritten_In_GeneratePalletNc",
        "wc": "WcItem-55"
    },
    {
        "cycle": 260.83743,
        "description": "DescItem-55",
        "item": "ArtItem-55",
        "mfgItem": "MfgItem-55",
        "nc": "NcItem-55-S3",
        "pa": "Overwritten_In_GeneratePalletNc",
        "wc": "WcItem-55"
    },
    {
        "cycle": 32.129639999999995,
        "description": "DescItem-56",
        "item": "ArtItem-56",
        "mfgItem": "MfgItem-56",
        "nc": "NcItem-56-S1",
        "pa": "Overwritten_In_GeneratePalletNc",
        "wc": "WcItem-56"
    },
    {
        "cycle": 35.97159,
        "description": "DescItem-56",
        "item": "ArtItem-56",
        "mfgItem": "MfgItem-56",
        "nc": "NcItem-56-S2",
        "pa": "Overwritten_In_GeneratePalletNc",
        "wc": "WcItem-56"
    },
    {
        "cycle": 40.097469999999994,
        "description": "DescItem-57",
        "item": "ArtItem-57",
        "mfgItem": "MfgItem-57",
        "nc": "NcItem-57-S1",
        "pa": "Overwritten_In_GeneratePalletNc",
        "wc": "WcItem-57"
    },
    {
        "cycle": 46.881339999999994,
        "description": "DescItem-57",
        "item": "ArtItem-57",
        "mfgItem": "MfgItem-57",
        "nc": "NcItem-57-S2",
        "pa": "Overwritten_In_GeneratePalletNc",
        "wc": "WcItem-57"
    },
    {
        "cycle": 53.12396,
        "description": "DescItem-57",
        "item": "ArtItem-57",
        "mfgItem": "MfgItem-57",
        "nc": "NcItem-57-S3",
        "pa": "Overwritten_In_GeneratePalletNc",
        "wc": "WcItem-57"
    },
    {
        "cycle": 60.457930000000005,
        "description": "DescItem-58",
        "item": "ArtItem-58",
        "mfgItem": "MfgItem-58",
        "nc": "NcItem-58-S1",
        "pa": "Overwritten_In_GeneratePalletNc",
        "wc": "WcItem-58"
    },
    {
        "cycle": 77.34077,
        "description": "DescItem-58",
        "item": "ArtItem-58",
        "mfgItem": "MfgItem-58",
        "nc": "NcItem-58-S2",
        "pa": "Overwritten_In_GeneratePalletNc",
        "wc": "WcItem-58"
    },
    {
        "cycle": 112.26214000000002,
        "description": "DescItem-59",
        "item": "ArtItem-59",
        "mfgItem": "MfgItem-59",
        "nc": "NcItem-59-S1",
        "pa": "Overwritten_In_GeneratePalletNc",
        "wc": "WcItem-59"
    },
    {
        "cycle": 165.6963,
        "description": "DescItem-59",
        "item": "ArtItem-59",
        "mfgItem": "MfgItem-59",
        "nc": "NcItem-59-S2",
        "pa": "Overwritten_In_GeneratePalletNc",
        "wc": "WcItem-59"
    },
    {
        "cycle": 260.83743,
        "description": "DescItem-59",
        "item": "ArtItem-59",
        "mfgItem": "MfgItem-59",
        "nc": "NcItem-59-S3",
        "pa": "Overwritten_In_GeneratePalletNc",
        "wc": "WcItem-59"
    },
    {
        "cycle": 32.129639999999995,
        "description": "DescItem-60",
        "item": "ArtItem-60",
        "mfgItem": "MfgItem-60",
        "nc": "NcItem-60-S1",
        "pa": "Overwritten_In_GeneratePalletNc",
        "wc": "WcItem-60"
    },
    {
        "cycle": 35.97159,
        "description": "DescItem-60",
        "item": "ArtItem-60",
        "mfgItem": "MfgItem-60",
        "nc": "NcItem-60-S2",
        "pa": "Overwritten_In_GeneratePalletNc",
        "wc": "WcItem-60"
    },
    {
        "cycle": 40.097469999999994,
        "description": "DescItem-61",
        "item": "ArtItem-61",
        "mfgItem": "MfgItem-61",
        "nc": "NcItem-61-S1",
        "pa": "Overwritten_In_GeneratePalletNc",
        "wc": "WcItem-61"
    },
    {
        "cycle": 46.881339999999994,
        "description": "DescItem-61",
        "item": "ArtItem-61",
        "mfgItem": "MfgItem-61",
        "nc": "NcItem-61-S2",
        "pa": "Overwritten_In_GeneratePalletNc",
        "wc": "WcItem-61"
    },
    {
        "cycle": 53.12396,
        "description": "DescItem-61",
        "item": "ArtItem-61",
        "mfgItem": "MfgItem-61",
        "nc": "NcItem-61-S3",
        "pa": "Overwritten_In_GeneratePalletNc",
        "wc": "WcItem-61"
    },
    {
        "cycle": 60.457930000000005,
        "description": "DescItem-62",
        "item": "ArtItem-62",
        "mfgItem": "MfgItem-62",
        "nc": "NcItem-62-S1",
        "pa": "Overwritten_In_GeneratePalletNc",
        "wc": "WcItem-62"
    },
    {
        "cycle": 77.34077,
        "description": "DescItem-62",
        "item": "ArtItem-62",
        "mfgItem": "MfgItem-62",
        "nc": "NcItem-62-S2",
        "pa": "Overwritten_In_GeneratePalletNc",
        "wc": "WcItem-62"
    },
    {
        "cycle": 112.26214000000002,
        "description": "DescItem-63",
        "item": "ArtItem-63",
        "mfgItem": "MfgItem-63",
        "nc": "NcItem-63-S1",
        "pa": "Overwritten_In_GeneratePalletNc",
        "wc": "WcItem-63"
    },
    {
        "cycle": 165.6963,
        "description": "DescItem-63",
        "item": "ArtItem-63",
        "mfgItem": "MfgItem-63",
        "nc": "NcItem-63-S2",
        "pa": "Overwritten_In_GeneratePalletNc",
        "wc": "WcItem-63"
    },
    {
        "cycle": 260.83743,
        "description": "DescItem-63",
        "item": "ArtItem-63",
        "mfgItem": "MfgItem-63",
        "nc": "NcItem-63-S3",
        "pa": "Overwritten_In_GeneratePalletNc",
        "wc": "WcItem-63"
    },
    {
        "cycle": 32.129639999999995,
        "description": "DescItem-64",
        "item": "ArtItem-64",
        "mfgItem": "MfgItem-64",
        "nc": "NcItem-64-S1",
        "pa": "Overwritten_In_GeneratePalletNc",
        "wc": "WcItem-64"
    },
    {
        "cycle": 35.97159,
        "description": "DescItem-64",
        "item": "ArtItem-64",
        "mfgItem": "MfgItem-64",
        "nc": "NcItem-64-S2",
        "pa": "Overwritten_In_GeneratePalletNc",
        "wc": "WcItem-64"
    },
    {
        "cycle": 40.097469999999994,
        "description": "DescItem-65",
        "item": "ArtItem-65",
        "mfgItem": "MfgItem-65",
        "nc": "NcItem-65-S1",
        "pa": "Overwritten_In_GeneratePalletNc",
        "wc": "WcItem-65"
    },
    {
        "cycle": 46.881339999999994,
        "description": "DescItem-65",
        "item": "ArtItem-65",
        "mfgItem": "MfgItem-65",
        "nc": "NcItem-65-S2",
        "pa": "Overwritten_In_GeneratePalletNc",
        "wc": "WcItem-65"
    },
    {
        "cycle": 53.12396,
        "description": "DescItem-65",
        "item": "ArtItem-65",
        "mfgItem": "MfgItem-65",
        "nc": "NcItem-65-S3",
        "pa": "Overwritten_In_GeneratePalletNc",
        "wc": "WcItem-65"
    },
    {
        "cycle": 60.457930000000005,
        "description": "DescItem-66",
        "item": "ArtItem-66",
        "mfgItem": "MfgItem-66",
        "nc": "NcItem-66-S1",
        "pa": "Overwritten_In_GeneratePalletNc",
        "wc": "WcItem-66"
    },
    {
        "cycle": 77.34077,
        "description": "DescItem-66",
        "item": "ArtItem-66",
        "mfgItem": "MfgItem-66",
        "nc": "NcItem-66-S2",
        "pa": "Overwritten_In_GeneratePalletNc",
        "wc": "WcItem-66"
    },
    {
        "cycle": 112.26214000000002,
        "description": "DescItem-67",
        "item": "ArtItem-67",
        "mfgItem": "MfgItem-67",
        "nc": "NcItem-67-S1",
        "pa": "Overwritten_In_GeneratePalletNc",
        "wc": "WcItem-67"
    },
    {
        "cycle": 165.6963,
        "description": "DescItem-67",
        "item": "ArtItem-67",
        "mfgItem": "MfgItem-67",
        "nc": "NcItem-67-S2",
        "pa": "Overwritten_In_GeneratePalletNc",
        "wc": "WcItem-67"
    },
    {
        "cycle": 260.83743,
        "description": "DescItem-67",
        "item": "ArtItem-67",
        "mfgItem": "MfgItem-67",
        "nc": "NcItem-67-S3",
        "pa": "Overwritten_In_GeneratePalletNc",
        "wc": "WcItem-67"
    },
    {
        "cycle": 32.129639999999995,
        "description": "DescItem-68",
        "item": "ArtItem-68",
        "mfgItem": "MfgItem-68",
        "nc": "NcItem-68-S1",
        "pa": "Overwritten_In_GeneratePalletNc",
        "wc": "WcItem-68"
    },
    {
        "cycle": 35.97159,
        "description": "DescItem-68",
        "item": "ArtItem-68",
        "mfgItem": "MfgItem-68",
        "nc": "NcItem-68-S2",
        "pa": "Overwritten_In_GeneratePalletNc",
        "wc": "WcItem-68"
    },
    {
        "cycle": 40.097469999999994,
        "description": "DescItem-69",
        "item": "ArtItem-69",
        "mfgItem": "MfgItem-69",
        "nc": "NcItem-69-S1",
        "pa": "Overwritten_In_GeneratePalletNc",
        "wc": "WcItem-69"
    },
    {
        "cycle": 46.881339999999994,
        "description": "DescItem-69",
        "item": "ArtItem-69",
        "mfgItem": "MfgItem-69",
        "nc": "NcItem-69-S2",
        "pa": "Overwritten_In_GeneratePalletNc",
        "wc": "WcItem-69"
    },
    {
        "cycle": 53.12396,
        "description": "DescItem-69",
        "item": "ArtItem-69",
        "mfgItem": "MfgItem-69",
        "nc": "NcItem-69-S3",
        "pa": "Overwritten_In_GeneratePalletNc",
        "wc": "WcItem-69"
    },
    {
        "cycle": 60.457930000000005,
        "description": "DescItem-70",
        "item": "ArtItem-70",
        "mfgItem": "MfgItem-70",
        "nc": "NcItem-70-S1",
        "pa": "Overwritten_In_GeneratePalletNc",
        "wc": "WcItem-70"
    },
    {
        "cycle": 77.34077,
        "description": "DescItem-70",
        "item": "ArtItem-70",
        "mfgItem": "MfgItem-70",
        "nc": "NcItem-70-S2",
        "pa": "Overwritten_In_GeneratePalletNc",
        "wc": "WcItem-70"
    },
    {
        "cycle": 112.26214000000002,
        "description": "DescItem-71",
        "item": "ArtItem-71",
        "mfgItem": "MfgItem-71",
        "nc": "NcItem-71-S1",
        "pa": "Overwritten_In_GeneratePalletNc",
        "wc": "WcItem-71"
    },
    {
        "cycle": 165.6963,
        "description": "DescItem-71",
        "item": "ArtItem-71",
        "mfgItem": "MfgItem-71",
        "nc": "NcItem-71-S2",
        "pa": "Overwritten_In_GeneratePalletNc",
        "wc": "WcItem-71"
    },
    {
        "cycle": 260.83743,
        "description": "DescItem-71",
        "item": "ArtItem-71",
        "mfgItem": "MfgItem-71",
        "nc": "NcItem-71-S3",
        "pa": "Overwritten_In_GeneratePalletNc",
        "wc": "WcItem-71"
    },
    {
        "cycle": 32.129639999999995,
        "description": "DescItem-72",
        "item": "ArtItem-72",
        "mfgItem": "MfgItem-72",
        "nc": "NcItem-72-S1",
        "pa": "Overwritten_In_GeneratePalletNc",
        "wc": "WcItem-72"
    },
    {
        "cycle": 35.97159,
        "description": "DescItem-72",
        "item": "ArtItem-72",
        "mfgItem": "MfgItem-72",
        "nc": "NcItem-72-S2",
        "pa": "Overwritten_In_GeneratePalletNc",
        "wc": "WcItem-72"
    },
    {
        "cycle": 40.097469999999994,
        "description": "DescItem-73",
        "item": "ArtItem-73",
        "mfgItem": "MfgItem-73",
        "nc": "NcItem-73-S1",
        "pa": "Overwritten_In_GeneratePalletNc",
        "wc": "WcItem-73"
    },
    {
        "cycle": 46.881339999999994,
        "description": "DescItem-73",
        "item": "ArtItem-73",
        "mfgItem": "MfgItem-73",
        "nc": "NcItem-73-S2",
        "pa": "Overwritten_In_GeneratePalletNc",
        "wc": "WcItem-73"
    },
    {
        "cycle": 53.12396,
        "description": "DescItem-73",
        "item": "ArtItem-73",
        "mfgItem": "MfgItem-73",
        "nc": "NcItem-73-S3",
        "pa": "Overwritten_In_GeneratePalletNc",
        "wc": "WcItem-73"
    },
    {
        "cycle": 60.457930000000005,
        "description": "DescItem-74",
        "item": "ArtItem-74",
        "mfgItem": "MfgItem-74",
        "nc": "NcItem-74-S1",
        "pa": "Overwritten_In_GeneratePalletNc",
        "wc": "WcItem-74"
    },
    {
        "cycle": 77.34077,
        "description": "DescItem-74",
        "item": "ArtItem-74",
        "mfgItem": "MfgItem-74",
        "nc": "NcItem-74-S2",
        "pa": "Overwritten_In_GeneratePalletNc",
        "wc": "WcItem-74"
    },
    {
        "cycle": 112.26214000000002,
        "description": "DescItem-75",
        "item": "ArtItem-75",
        "mfgItem": "MfgItem-75",
        "nc": "NcItem-75-S1",
        "pa": "Overwritten_In_GeneratePalletNc",
        "wc": "WcItem-75"
    },
    {
        "cycle": 165.6963,
        "description": "DescItem-75",
        "item": "ArtItem-75",
        "mfgItem": "MfgItem-75",
        "nc": "NcItem-75-S2",
        "pa": "Overwritten_In_GeneratePalletNc",
        "wc": "WcItem-75"
    },
    {
        "cycle": 260.83743,
        "description": "DescItem-75",
        "item": "ArtItem-75",
        "mfgItem": "MfgItem-75",
        "nc": "NcItem-75-S3",
        "pa": "Overwritten_In_GeneratePalletNc",
        "wc": "WcItem-75"
    },
    {
        "cycle": 32.129639999999995,
        "description": "DescItem-76",
        "item": "ArtItem-76",
        "mfgItem": "MfgItem-76",
        "nc": "NcItem-76-S1",
        "pa": "Overwritten_In_GeneratePalletNc",
        "wc": "WcItem-76"
    },
    {
        "cycle": 35.97159,
        "description": "DescItem-76",
        "item": "ArtItem-76",
        "mfgItem": "MfgItem-76",
        "nc": "NcItem-76-S2",
        "pa": "Overwritten_In_GeneratePalletNc",
        "wc": "WcItem-76"
    },
    {
        "cycle": 40.097469999999994,
        "description": "DescItem-77",
        "item": "ArtItem-77",
        "mfgItem": "MfgItem-77",
        "nc": "NcItem-77-S1",
        "pa": "Overwritten_In_GeneratePalletNc",
        "wc": "WcItem-77"
    },
    {
        "cycle": 46.881339999999994,
        "description": "DescItem-77",
        "item": "ArtItem-77",
        "mfgItem": "MfgItem-77",
        "nc": "NcItem-77-S2",
        "pa": "Overwritten_In_GeneratePalletNc",
        "wc": "WcItem-77"
    },
    {
        "cycle": 53.12396,
        "description": "DescItem-77",
        "item": "ArtItem-77",
        "mfgItem": "MfgItem-77",
        "nc": "NcItem-77-S3",
        "pa": "Overwritten_In_GeneratePalletNc",
        "wc": "WcItem-77"
    },
    {
        "cycle": 60.457930000000005,
        "description": "DescItem-78",
        "item": "ArtItem-78",
        "mfgItem": "MfgItem-78",
        "nc": "NcItem-78-S1",
        "pa": "Overwritten_In_GeneratePalletNc",
        "wc": "WcItem-78"
    },
    {
        "cycle": 77.34077,
        "description": "DescItem-78",
        "item": "ArtItem-78",
        "mfgItem": "MfgItem-78",
        "nc": "NcItem-78-S2",
        "pa": "Overwritten_In_GeneratePalletNc",
        "wc": "WcItem-78"
    },
    {
        "cycle": 112.26214000000002,
        "description": "DescItem-79",
        "item": "ArtItem-79",
        "mfgItem": "MfgItem-79",
        "nc": "NcItem-79-S1",
        "pa": "Overwritten_In_GeneratePalletNc",
        "wc": "WcItem-79"
    },
    {
        "cycle": 165.6963,
        "description": "DescItem-79",
        "item": "ArtItem-79",
        "mfgItem": "MfgItem-79",
        "nc": "NcItem-79-S2",
        "pa": "Overwritten_In_GeneratePalletNc",
        "wc": "WcItem-79"
    },
    {
        "cycle": 260.83743,
        "description": "DescItem-79",
        "item": "ArtItem-79",
        "mfgItem": "MfgItem-79",
        "nc": "NcItem-79-S3",
        "pa": "Overwritten_In_GeneratePalletNc",
        "wc": "WcItem-79"
    },
    {
        "cycle": 32.129639999999995,
        "description": "DescItem-80",
        "item": "ArtItem-80",
        "mfgItem": "MfgItem-80",
        "nc": "NcItem-80-S1",
        "pa": "Overwritten_In_GeneratePalletNc",
        "wc": "WcItem-80"
    },
    {
        "cycle": 35.97159,
        "description": "DescItem-80",
        "item": "ArtItem-80",
        "mfgItem": "MfgItem-80",
        "nc": "NcItem-80-S2",
        "pa": "Overwritten_In_GeneratePalletNc",
        "wc": "WcItem-80"
    },
    {
        "cycle": 40.097469999999994,
        "description": "DescItem-81",
        "item": "ArtItem-81",
        "mfgItem": "MfgItem-81",
        "nc": "NcItem-81-S1",
        "pa": "Overwritten_In_GeneratePalletNc",
        "wc": "WcItem-81"
    },
    {
        "cycle": 46.881339999999994,
        "description": "DescItem-81",
        "item": "ArtItem-81",
        "mfgItem": "MfgItem-81",
        "nc": "NcItem-81-S2",
        "pa": "Overwritten_In_GeneratePalletNc",
        "wc": "WcItem-81"
    },
    {
        "cycle": 53.12396,
        "description": "DescItem-81",
        "item": "ArtItem-81",
        "mfgItem": "MfgItem-81",
        "nc": "NcItem-81-S3",
        "pa": "Overwritten_In_GeneratePalletNc",
        "wc": "WcItem-81"
    },
    {
        "cycle": 60.457930000000005,
        "description": "DescItem-82",
        "item": "ArtItem-82",
        "mfgItem": "MfgItem-82",
        "nc": "NcItem-82-S1",
        "pa": "Overwritten_In_GeneratePalletNc",
        "wc": "WcItem-82"
    },
    {
        "cycle": 77.34077,
        "description": "DescItem-82",
        "item": "ArtItem-82",
        "mfgItem": "MfgItem-82",
        "nc": "NcItem-82-S2",
        "pa": "Overwritten_In_GeneratePalletNc",
        "wc": "WcItem-82"
    },
    {
        "cycle": 112.26214000000002,
        "description": "DescItem-83",
        "item": "ArtItem-83",
        "mfgItem": "MfgItem-83",
        "nc": "NcItem-83-S1",
        "pa": "Overwritten_In_GeneratePalletNc",
        "wc": "WcItem-83"
    },
    {
        "cycle": 165.6963,
        "description": "DescItem-83",
        "item": "ArtItem-83",
        "mfgItem": "MfgItem-83",
        "nc": "NcItem-83-S2",
        "pa": "Overwritten_In_GeneratePalletNc",
        "wc": "WcItem-83"
    },
    {
        "cycle": 260.83743,
        "description": "DescItem-83",
        "item": "ArtItem-83",
        "mfgItem": "MfgItem-83",
        "nc": "NcItem-83-S3",
        "pa": "Overwritten_In_GeneratePalletNc",
        "wc": "WcItem-83"
    },
    {
        "cycle": 32.129639999999995,
        "description": "DescItem-84",
        "item": "ArtItem-84",
        "mfgItem": "MfgItem-84",
        "nc": "NcItem-84-S1",
        "pa": "Overwritten_In_GeneratePalletNc",
        "wc": "WcItem-84"
    },
    {
        "cycle": 35.97159,
        "description": "DescItem-84",
        "item": "ArtItem-84",
        "mfgItem": "MfgItem-84",
        "nc": "NcItem-84-S2",
        "pa": "Overwritten_In_GeneratePalletNc",
        "wc": "WcItem-84"
    },
    {
        "cycle": 40.097469999999994,
        "description": "DescItem-85",
        "item": "ArtItem-85",
        "mfgItem": "MfgItem-85",
        "nc": "NcItem-85-S1",
        "pa": "Overwritten_In_GeneratePalletNc",
        "wc": "WcItem-85"
    },
    {
        "cycle": 46.881339999999994,
        "description": "DescItem-85",
        "item": "ArtItem-85",
        "mfgItem": "MfgItem-85",
        "nc": "NcItem-85-S2",
        "pa": "Overwritten_In_GeneratePalletNc",
        "wc": "WcItem-85"
    },
    {
        "cycle": 53.12396,
        "description": "DescItem-85",
        "item": "ArtItem-85",
        "mfgItem": "MfgItem-85",
        "nc": "NcItem-85-S3",
        "pa": "Overwritten_In_GeneratePalletNc",
        "wc": "WcItem-85"
    },
    {
        "cycle": 60.457930000000005,
        "description": "DescItem-86",
        "item": "ArtItem-86",
        "mfgItem": "MfgItem-86",
        "nc": "NcItem-86-S1",
        "pa": "Overwritten_In_GeneratePalletNc",
        "wc": "WcItem-86"
    },
    {
        "cycle": 77.34077,
        "description": "DescItem-86",
        "item": "ArtItem-86",
        "mfgItem": "MfgItem-86",
        "nc": "NcItem-86-S2",
        "pa": "Overwritten_In_GeneratePalletNc",
        "wc": "WcItem-86"
    },
    {
        "cycle": 112.26214000000002,
        "description": "DescItem-87",
        "item": "ArtItem-87",
        "mfgItem": "MfgItem-87",
        "nc": "NcItem-87-S1",
        "pa": "Overwritten_In_GeneratePalletNc",
        "wc": "WcItem-87"
    },
    {
        "cycle": 165.6963,
        "description": "DescItem-87",
        "item": "ArtItem-87",
        "mfgItem": "MfgItem-87",
        "nc": "NcItem-87-S2",
        "pa": "Overwritten_In_GeneratePalletNc",
        "wc": "WcItem-87"
    },
    {
        "cycle": 260.83743,
        "description": "DescItem-87",
        "item": "ArtItem-87",
        "mfgItem": "MfgItem-87",
        "nc": "NcItem-87-S3",
        "pa": "Overwritten_In_GeneratePalletNc",
        "wc": "WcItem-87"
    },
    {
        "cycle": 32.129639999999995,
        "description": "DescItem-88",
        "item": "ArtItem-88",
        "mfgItem": "MfgItem-88",
        "nc": "NcItem-88-S1",
        "pa": "Overwritten_In_GeneratePalletNc",
        "wc": "WcItem-88"
    },
    {
        "cycle": 35.97159,
        "description": "DescItem-88",
        "item": "ArtItem-88",
        "mfgItem": "MfgItem-88",
        "nc": "NcItem-88-S2",
        "pa": "Overwritten_In_GeneratePalletNc",
        "wc": "WcItem-88"
    },
    {
        "cycle": 40.097469999999994,
        "description": "DescItem-89",
        "item": "ArtItem-89",
        "mfgItem": "MfgItem-89",
        "nc": "NcItem-89-S1",
        "pa": "Overwritten_In_GeneratePalletNc",
        "wc": "WcItem-89"
    },
    {
        "cycle": 46.881339999999994,
        "description": "DescItem-89",
        "item": "ArtItem-89",
        "mfgItem": "MfgItem-89",
        "nc": "NcItem-89-S2",
        "pa": "Overwritten_In_GeneratePalletNc",
        "wc": "WcItem-89"
    },
    {
        "cycle": 53.12396,
        "description": "DescItem-89",
        "item": "ArtItem-89",
        "mfgItem": "MfgItem-89",
        "nc": "NcItem-89-S3",
        "pa": "Overwritten_In_GeneratePalletNc",
        "wc": "WcItem-89"
    }
]