[
    {
        "cycle": 46.96834000000001,
        "description": "IL MASU SCHEIMPFLUG FRAME",
        "item": "4022 639 8308/5",
        "mfgItem": "M004832",
        "nc": "4022_639_8308_bew2.H",
        "pa": "PA00011",
        "wc": "1200G350"
    },
    {
        "cycle": 35.609019999999994,
        "description": "IL MASU SCHEIMPFLUG FRAME",
        "item": "4022 639 8308/5",
        "mfgItem": "M004832",
        "nc": "4022_639_8308_bew3.H",
        "pa": "PA00016",
        "wc": "1200G350"
    },
    {
        "cycle": 83.71504,
        "description": "EXE WS PPL RETURN BOTTOM",
        "item": "4022 695 1196/4",
        "mfgItem": "M004643",
        "nc": "4022_695_1196_Bew2.H",
        "pa": "PA00090",
        "wc": "1200G350"
    },
    {
        "cycle": 31.8486,
        "description": "EXE WS PPL RETURN BOTTOM",
        "item": "4022 695 1196/4",
        "mfgItem": "M004643",
        "nc": "4022_695_1196_Bew3.H",
        "pa": "PA00125",
        "wc": "1200G350"
    },
    {
        "cycle": 194.74374,
        "description": "EXE WS PPL SUPPLY TOP CHAMBER",
        "item": "4022 695 1198/1",
        "mfgItem": "M003527",
        "nc": "4022_695_1198_Bew2.H",
        "pa": "PA00059",
        "wc": "1200G350"
    },
    {
        "cycle": 72.93831999999998,
        "description": "EXE WS PPL SUPPLY TOP CHAMBER",
        "item": "4022 695 1198/1",
        "mfgItem": "M003527",
        "nc": "4022_695_1198_Bew3.H",
        "pa": "PA00093",
        "wc": "1200G350"
    },
    {
        "cycle": 114.35950000000003,
        "description": "EXE WS PPL RETURN TOP CHAMBER",
        "item": "4022 695 1201/1",
        "mfgItem": "M003531",
        "nc": "4022_695_1201_Bew2.H",
        "pa": "PA00020",
        "wc": "1200G350"
    },
    {
        "cycle": 77.23059999999998,
        "description": "EXE WS PPL RETURN TOP CHAMBER",
        "item": "4022 695 1201/1",
        "mfgItem": "M003531",
        "nc": "4022_695_1201_Bew3.H",
        "pa": "PA00083",
        "wc": "1200G350"
    },
    {
        "cycle": 41.62501999999999,
        "description": "EXE WS PPL RETURN TOP EOS",
        "item": "4022 695 1202/1",
        "mfgItem": "M004640",
        "nc": "4022_695_1202_Bew3.H",
        "pa": "PA00016",
        "wc": "1200G350"
    },
    {
        "cycle": 31.714480000000005,
        "description": "EXE WS PPL RETURN TOP EOS",
        "item": "4022 695 1202/1",
        "mfgItem": "M004640",
        "nc": "4022_695_1202_Bew4.H",
        "pa": "PA00125",
        "wc": "1200G350"
    },
    {
        "cycle": 135.41466000000003,
        "description": "SPM RS ENC BR NON MAG -X",
        "item": "4022 673 6639/1",
        "mfgItem": "M003483",
        "nc": "40226736639R1_S4.H",
        "pa": "PA00000",
        "wc": "1200G350"
    },
    {
        "cycle": 77.62204,
        "description": "NXE WS FORCER LEAF SPRING (UCV)",
        "item": "4022 620 0954/4",
        "mfgItem": "M003395",
        "nc": "620_0954_S2.MPF",
        "pa": "PA00033",
        "wc": "1200G350"
    },
    {
        "cycle": 184.99434000000002,
        "description": "NXE WS FORCER SIDE LEAF SPRING (UCV)",
        "item": "4022 620 0957/4",
        "mfgItem": "M003387",
        "nc": "620_0957_S2.MPF",
        "pa": "PA00017",
        "wc": "1200G350"
    },
    {
        "cycle": 294.17768,
        "description": "NXE WS SS XY EOS",
        "item": "4022 620 1878/3",
        "mfgItem": "M000506",
        "nc": "620_1878_S2.MPF",
        "pa": "PA00018",
        "wc": "1200G350"
    },
    {
        "cycle": 196.33015999999995,
        "description": "NXE WS SS XY EOS",
        "item": "4022 620 1878/3",
        "mfgItem": "M000506",
        "nc": "620_1878_S3.MPF",
        "pa": "PA00030",
        "wc": "1200G350"
    },
    {
        "cycle": 38.44637999999999,
        "description": "NXE WS SS Z EOS 4",
        "item": "4022 620 1891/2",
        "mfgItem": "M000955",
        "nc": "620_1891_S2.MPF",
        "pa": "PA00145",
        "wc": "1200G350"
    },
    {
        "cycle": 204.39663999999993,
        "description": "MIDFRAME INTERF BLOCK",
        "item": "4022 621 3697/2",
        "mfgItem": "M003742",
        "nc": "621_3697_S2.MPF",
        "pa": "PA00046",
        "wc": "1200G350"
    },
    {
        "cycle": 130.57657,
        "description": "MIDFRAME INTERF BLOCK",
        "item": "4022 621 3697/2",
        "mfgItem": "M003742",
        "nc": "621_3697_S3.MPF",
        "pa": "PA00016",
        "wc": "1200G350"
    },
    {
        "cycle": 52.22368,
        "description": "MIDFRAME INTERF BLOCK",
        "item": "4022 621 3697/2",
        "mfgItem": "M003742",
        "nc": "621_3697_S4.MPF",
        "pa": "PA00010",
        "wc": "1200G350"
    },
    {
        "cycle": 291.51284,
        "description": "LS UV NXE DAM COOLER ASSY",
        "item": "4022 621 7597/3",
        "mfgItem": "M000658",
        "nc": "621_8319_S2.MPF",
        "pa": "PA00000",
        "wc": "1200G350"
    },
    {
        "cycle": 57.66731999999998,
        "description": "LS UV NXE DAM COOLER ASSY",
        "item": "4022 621 7597/3",
        "mfgItem": "M000658",
        "nc": "621_8319_S3.MPF",
        "pa": "PA00067",
        "wc": "1200G350"
    },
    {
        "cycle": 61.07671999999999,
        "description": "NXE WSL PPL MAIN MANIFOLD",
        "item": "4022 622 2304/2",
        "mfgItem": "M000956",
        "nc": "622_2304_S3.MPF",
        "pa": "PA00005",
        "wc": "1200G350"
    },
    {
        "cycle": 131.23103999999998,
        "description": "NXT WS MK4I PPL TOP BLOCK",
        "item": "4022 642 9975/2",
        "mfgItem": "M000281",
        "nc": "642_9975_S2.MPF",
        "pa": "PA00010",
        "wc": "1200G350"
    },
    {
        "cycle": 32.69316,
        "description": "NXE WS SS Z EOS 1",
        "item": "4022 657 4821/1",
        "mfgItem": "M000958",
        "nc": "657_4821_S2.MPF",
        "pa": "PA00004",
        "wc": "1200G350"
    },
    {
        "cycle": 38.35568,
        "description": "NXE WS SS Z EOS 2",
        "item": "4022 657 4822/1",
        "mfgItem": "M000959",
        "nc": "657_4822_S2.MPF",
        "pa": "PA00084",
        "wc": "1200G350"
    },
    {
        "cycle": 59.8369,
        "description": "BT BB M100 LOCK PLATE",
        "item": "4022 660 9527/2",
        "mfgItem": "M004208",
        "nc": "660_9527_S2.MPF",
        "pa": "PA00088",
        "wc": "1200G350"
    },
    {
        "cycle": 257.61537999999996,
        "description": "LS UV MK3 DAM COOLER ASSY",
        "item": "4022 680 8014/1",
        "mfgItem": "M003499",
        "nc": "680_8018_S2.MPF",
        "pa": "PA00007",
        "wc": "1200G350"
    },
    {
        "cycle": 42.28806,
        "description": "LS UV MK3 DAM COOLER ASSY",
        "item": "4022 680 8014/1",
        "mfgItem": "M003499",
        "nc": "680_8018_S3.MPF",
        "pa": "PA00000",
        "wc": "1200G350"
    },
    {
        "cycle": 40.0601,
        "description": "TI CLIP",
        "item": "V532-74285-204-00",
        "mfgItem": "M000829",
        "nc": "74285_204_S2.MPF",
        "pa": "PA00006",
        "wc": "1200G350"
    },
    {
        "cycle": 30.707220000000003,
        "description": "ADAPTER O2-STECKER",
        "item": "F255-76245-200-00",
        "mfgItem": "M001817",
        "nc": "76245_200_6X.MPF",
        "pa": "PA00055",
        "wc": "1200G350"
    },
    {
        "cycle": 57.582939999999994,
        "description": "ADAPTER O2-STECKER",
        "item": "F255-76245-200-00",
        "mfgItem": "M001817",
        "nc": "76245_200_S1.MPF",
        "pa": "PA00020",
        "wc": "1200G350"
    },
    {
        "cycle": 32.35475999999999,
        "description": "FTG LWR",
        "item": "V532-91113-400-00",
        "mfgItem": "M000761",
        "nc": "91113_400_S2.MPF",
        "pa": "PA00124",
        "wc": "1200G350"
    },
    {
        "cycle": 39.93894,
        "description": "BRACKET-UNICORN",
        "item": "V575-92453-204-00",
        "mfgItem": "M000108",
        "nc": "92453_204_S1.MPF",
        "pa": "PA00038",
        "wc": "1200G350"
    },
    {
        "cycle": 214.00816500000002,
        "description": "BRACKET-UNICORN",
        "item": "V575-92453-204-00",
        "mfgItem": "M000108",
        "nc": "92453_204_S2.MPF",
        "pa": "PA00142",
        "wc": "1200G350"
    },
    {
        "cycle": 64.32212,
        "description": "BRACKET-UNICORN",
        "item": "V575-92453-204-00",
        "mfgItem": "M000108",
        "nc": "92453_204_S3.MPF",
        "pa": "PA00037",
        "wc": "1200G350"
    },
    {
        "cycle": 38.01942,
        "description": "BRACKET-UNICORN",
        "item": "V575-92453-205-00",
        "mfgItem": "M001368",
        "nc": "92453_205_S1.MPF",
        "pa": "PA00033",
        "wc": "1200G350"
    },
    {
        "cycle": 116.61509999999998,
        "description": "BRACKET-UNICORN",
        "item": "V575-92453-205-00",
        "mfgItem": "M001368",
        "nc": "92453_205_S2.MPF",
        "pa": "PA00110",
        "wc": "1200G350"
    },
    {
        "cycle": 65.07039999999999,
        "description": "BRACKET-UNICORN",
        "item": "V575-92453-205-00",
        "mfgItem": "M001368",
        "nc": "92453_205_S3.MPF",
        "pa": "PA00064",
        "wc": "1200G350"
    },
    {
        "cycle": 126.46392,
        "description": "BRACKET-UNICORN",
        "item": "V575-94453-200-00/C00",
        "mfgItem": "M000375",
        "nc": "94453_200_S2.MPF",
        "pa": "PA00127",
        "wc": "1200G350"
    },
    {
        "cycle": 83.98323999999998,
        "description": "BRACKET-UNICORN",
        "item": "V575-94453-200-00/C00",
        "mfgItem": "M000375",
        "nc": "94453_200_S3.MPF",
        "pa": "PA00153",
        "wc": "1200G350"
    },
    {
        "cycle": 60.95567999999998,
        "description": "BRACKET-UNICORN",
        "item": "V575-94453-201-00/C00",
        "mfgItem": "M000463",
        "nc": "94453_201_S2.MPF",
        "pa": "PA00090",
        "wc": "1200G350"
    },
    {
        "cycle": 49.68504,
        "description": "BRACKET-UNICORN",
        "item": "V575-94453-201-00/C00",
        "mfgItem": "M000463",
        "nc": "94453_201_S3.MPF",
        "pa": "PA00122",
        "wc": "1200G350"
    },
    {
        "cycle": 135.29407999999998,
        "description": "BRACKET-F/S UPR LIR-5",
        "item": "V575-94463-200-00/D00",
        "mfgItem": "M000590",
        "nc": "94463_200_S2.MPF",
        "pa": "PA00077",
        "wc": "1200G350"
    },
    {
        "cycle": 57.37072000000001,
        "description": "ATWT SS2 WATER DISTRIBUTION PLATE",
        "item": "4022 481 4721/3",
        "mfgItem": "M001268",
        "nc": "481_4721_S34.MPF",
        "pa": "PA00016",
        "wc": "1200G350"
    },
    {
        "cycle": 105.93409999999997,
        "description": "WASHER PLATE",
        "item": "4022 621 3705/2",
        "mfgItem": "M003739",
        "nc": "621_3705_S2.MPF",
        "pa": "PA00007",
        "wc": "1200G350"
    },
    {
        "cycle": 37.97987999999999,
        "description": "ANTI LOSS COVER",
        "item": "4022 621 3712/1",
        "mfgItem": "M003468",
        "nc": "621_3712_S2.MPF",
        "pa": "PA00036",
        "wc": "1200G350"
    },
    {
        "cycle": 54.31124,
        "description": "XT3 SS1XY DISTRIBUTION PLATE",
        "item": "4022 631 1606/5",
        "mfgItem": "M001285",
        "nc": "631_1606_S34.MPF",
        "pa": "PA00037",
        "wc": "1200G350"
    },
    {
        "cycle": 54.43199999999999,
        "description": "XT3 SS2XY DISTRIBUTION PLATE",
        "item": "4022 631 1660/5",
        "mfgItem": "M001286",
        "nc": "631_1660_S34.MPF",
        "pa": "PA00066",
        "wc": "1200G350"
    },
    {
        "cycle": 43.61111999999999,
        "description": "ATWT SS1 WATER DISTRIBUTION PLATE",
        "item": "4022 481 4718/3",
        "mfgItem": "M001267",
        "nc": "81_4718_S34.MPF",
        "pa": "PA00038",
        "wc": "1200G350"
    },
    {
        "cycle": 307.96732,
        "description": "BT BB MA BASE FRAME",
        "item": "4022 675 7327/2",
        "mfgItem": "M000744",
        "nc": "675_7327_S2.MPF",
        "pa": "PA00003",
        "wc": "1200G350"
    },
    {
        "cycle": 105.65937999999998,
        "description": "BT BB MA BASE FRAME",
        "item": "4022 675 7327/2",
        "mfgItem": "M000744",
        "nc": "675_7327_S3.MPF",
        "pa": "PA00020",
        "wc": "1200G350"
    },
    {
        "cycle": 134.16486,
        "description": "BT BB MA BASE FRAME",
        "item": "4022 675 7327/2",
        "mfgItem": "M000744",
        "nc": "675_7327_S4.MPF",
        "pa": "PA00045",
        "wc": "1200G350"
    },
    {
        "cycle": 30.438959999999998,
        "description": "BT BB MA BASE FRAME",
        "item": "4022 675 7327/2",
        "mfgItem": "M000744",
        "nc": "675_7327_S5.MPF",
        "pa": "PA00133",
        "wc": "1200G350"
    },
    {
        "cycle": 146.85711999999998,
        "description": "TI CLIP",
        "item": "V534-90548-202-00",
        "mfgItem": "M001880",
        "nc": "90548_202_S2.MPF",
        "pa": "PA00003",
        "wc": "1200G350"
    },
    {
        "cycle": 246.98745999999997,
        "description": "TI CLIP",
        "item": "V534-90548-204-00",
        "mfgItem": "M001881",
        "nc": "90548_204_S2.MPF",
        "pa": "PA00083",
        "wc": "1200G350"
    },
    {
        "cycle": 67.16839999999999,
        "description": "BRACKET-F/S LWR LIR-5",
        "item": "V575-94462-200-00/E00",
        "mfgItem": "M000377",
        "nc": "94462_200_S2.MPF",
        "pa": "PA00005",
        "wc": "1200G350"
    },
    {
        "cycle": 52.87816,
        "description": "BRACKET-F/S UPR LIR-5",
        "item": "V575-94463-200-00/D00",
        "mfgItem": "M000590",
        "nc": "94463_200_S3.MPF",
        "pa": "PA00011",
        "wc": "1200G350"
    },
    {
        "cycle": 57.31535999999999,
        "description": "WASHER PLATE",
        "item": "4022 621 3706/2",
        "mfgItem": "M003523",
        "nc": "621_3706_S2.MPF",
        "pa": "PA00106",
        "wc": "1200G350"
    },
    {
        "cycle": 59.09759999999999,
        "description": "EXE WS RCW4 SSXY ACT MANIFOLD 1",
        "item": "4022 684 3023/4",
        "mfgItem": "M004672",
        "nc": "684_3023_S2.MPF",
        "pa": "PA00109",
        "wc": "1200G350"
    },
    {
        "cycle": 51.58716,
        "description": "EXE WS RCW4 SSXY ACT MANIFOLD 1",
        "item": "4022 684 3023/4",
        "mfgItem": "M004672",
        "nc": "684_3023_S3.MPF",
        "pa": "PA00047",
        "wc": "1200G350"
    },
    {
        "cycle": 32.48989999999999,
        "description": "EXE WS RCW4 SSXY ACT MANIFOLD 3",
        "item": "4022 684 3025/4",
        "mfgItem": "M004675",
        "nc": "684_3025_S2.MPF",
        "pa": "PA00051",
        "wc": "1200G350"
    },
    {
        "cycle": 51.63631999999999,
        "description": "EXE WS RCW4 SSXY ACT MANIFOLD 3",
        "item": "4022 684 3025/4",
        "mfgItem": "M004675",
        "nc": "684_3025_S3.MPF",
        "pa": "PA00085",
        "wc": "1200G350"
    },
    {
        "cycle": 50.41772000000001,
        "description": "EXE WS RCW4 SSZ MANIFOLD 1",
        "item": "4022 684 3026/2",
        "mfgItem": "M003545",
        "nc": "684_3026_S2.MPF",
        "pa": "PA00111",
        "wc": "1200G350"
    },
    {
        "cycle": 35.50115999999999,
        "description": "EXE WS RCW4 SSZ MANIFOLD 1",
        "item": "4022 684 3026/2",
        "mfgItem": "M003545",
        "nc": "684_3026_S3.MPF",
        "pa": "PA00052",
        "wc": "1200G350"
    },
    {
        "cycle": 52.77868000000001,
        "description": "EXE WS RCW4 SSZ MANIFOLD 2",
        "item": "4022 684 3027/2",
        "mfgItem": "M003546",
        "nc": "684_3027_S2.MPF",
        "pa": "PA00092",
        "wc": "1200G350"
    },
    {
        "cycle": 36.8457,
        "description": "EXE WS RCW4 SSZ MANIFOLD 2",
        "item": "4022 684 3027/2",
        "mfgItem": "M003546",
        "nc": "684_3027_S3.MPF",
        "pa": "PA00119",
        "wc": "1200G350"
    },
    {
        "cycle": 59.184,
        "description": "EXE WS RCW4 SSZ MANIFOLD 3",
        "item": "4022 684 3028/2",
        "mfgItem": "M003547",
        "nc": "684_3028_S2.MPF",
        "pa": "PA00048",
        "wc": "1200G350"
    },
    {
        "cycle": 37.97322,
        "description": "EXE WS RCW4 SSZ MANIFOLD 3",
        "item": "4022 684 3028/2",
        "mfgItem": "M003547",
        "nc": "684_3028_S3.MPF",
        "pa": "PA00039",
        "wc": "1200G350"
    },
    {
        "cycle": 34.79154,
        "description": "EXE WS RCW4 SSZ MANIFOLD 4",
        "item": "4022 684 3029/2",
        "mfgItem": "M003548",
        "nc": "684_3029_S2.MPF",
        "pa": "PA00023",
        "wc": "1200G350"
    },
    {
        "cycle": 33.29268,
        "description": "EXE WS RCW4 SSZ MANIFOLD 4",
        "item": "4022 684 3029/2",
        "mfgItem": "M003548",
        "nc": "684_3029_S3.MPF",
        "pa": "PA00066",
        "wc": "1200G350"
    },
    {
        "cycle": 80.01714,
        "description": "EXE WS RCW4 C2 SSXY MANIFOLD 1",
        "item": "4022 684 5603/1",
        "mfgItem": "M003819",
        "nc": "684_5603_S2.MPF",
        "pa": "PA00096",
        "wc": "1200G350"
    },
    {
        "cycle": 54.49391999999999,
        "description": "EXE WS RCW4 C2 SSXY MANIFOLD 1",
        "item": "4022 684 5603/1",
        "mfgItem": "M003819",
        "nc": "684_5603_S3.MPF",
        "pa": "PA00064",
        "wc": "1200G350"
    },
    {
        "cycle": 34.64152,
        "description": "EXE WS RCW4 C2 SSXY MANIFOLD 2",
        "item": "4022 684 5604/1",
        "mfgItem": "M003820",
        "nc": "684_5604_S2.MPF",
        "pa": "PA00099",
        "wc": "1200G350"
    },
    {
        "cycle": 53.079599999999985,
        "description": "EXE WS RCW4 C2 SSXY MANIFOLD 2",
        "item": "4022 684 5604/1",
        "mfgItem": "M003820",
        "nc": "684_5604_S3.MPF",
        "pa": "PA00026",
        "wc": "1200G350"
    },
    {
        "cycle": 63.84754,
        "description": "EXE WS RCW4 C2 SSZ MANIFOLD 1",
        "item": "4022 684 5605/1",
        "mfgItem": "M003827",
        "nc": "684_5605_S2.MPF",
        "pa": "PA00139",
        "wc": "1200G350"
    },
    {
        "cycle": 34.7709,
        "description": "EXE WS RCW4 C2 SSZ MANIFOLD 1",
        "item": "4022 684 5605/1",
        "mfgItem": "M003827",
        "nc": "684_5605_S3.MPF",
        "pa": "PA00008",
        "wc": "1200G350"
    },
    {
        "cycle": 54.71044000000001,
        "description": "EXE WS RCW4 C2 SSZ MANIFOLD 2",
        "item": "4022 684 5606/1",
        "mfgItem": "M003830",
        "nc": "684_5606_S2.MPF",
        "pa": "PA00053",
        "wc": "1200G350"
    },
    {
        "cycle": 33.92376,
        "description": "EXE WS RCW4 C2 SSZ MANIFOLD 2",
        "item": "4022 684 5606/1",
        "mfgItem": "M003830",
        "nc": "684_5606_S3.MPF",
        "pa": "PA00033",
        "wc": "1200G350"
    },
    {
        "cycle": 52.739319999999985,
        "description": "EXE WS RCW4 C2 SSZ MANIFOLD 3",
        "item": "4022 684 5607/1",
        "mfgItem": "M003840",
        "nc": "684_5607_S2.MPF",
        "pa": "PA00112",
        "wc": "1200G350"
    },
    {
        "cycle": 38.66994,
        "description": "EXE WS RCW4 C2 SSZ MANIFOLD 3",
        "item": "4022 684 5607/1",
        "mfgItem": "M003840",
        "nc": "684_5607_S3.MPF",
        "pa": "PA00045",
        "wc": "1200G350"
    },
    {
        "cycle": 47.54994000000001,
        "description": "EXE WS RCW4 C2 SSXY MANIFOLD 3",
        "item": "4022 684 5622/1",
        "mfgItem": "M003842",
        "nc": "684_5622_S2.MPF",
        "pa": "PA00041",
        "wc": "1200G350"
    },
    {
        "cycle": 52.84432,
        "description": "EXE WS RCW4 C2 SSXY MANIFOLD 3",
        "item": "4022 684 5622/1",
        "mfgItem": "M003842",
        "nc": "684_5622_S3.MPF",
        "pa": "PA00041",
        "wc": "1200G350"
    },
    {
        "cycle": 32.129639999999995,
        "description": "DescItem-0",
        "item": "ArtItem-0",
        "mfgItem": "MfgItem-0",
        "nc": "NcItem-0-S1",
        "pa": "Overwritten_In_GeneratePalletNc",
        "wc": "WcItem-0"
    },
    {
        "cycle": 35.97159,
        "description": "DescItem-0",
        "item": "ArtItem-0",
        "mfgItem": "MfgItem-0",
        "nc": "NcItem-0-S2",
        "pa": "Overwritten_In_GeneratePalletNc",
        "wc": "WcItem-0"
    },
    {
        "cycle": 40.097469999999994,
        "description": "DescItem-1",
        "item": "ArtItem-1",
        "mfgItem": "MfgItem-1",
        "nc": "NcItem-1-S1",
        "pa": "Overwritten_In_GeneratePalletNc",
        "wc": "WcItem-1"
    },
    {
        "cycle": 46.881339999999994,
        "description": "DescItem-1",
        "item": "ArtItem-1",
        "mfgItem": "MfgItem-1",
        "nc": "NcItem-1-S2",
        "pa": "Overwritten_In_GeneratePalletNc",
        "wc": "WcItem-1"
    },
    {
        "cycle": 53.12396,
        "description": "DescItem-1",
        "item": "ArtItem-1",
        "mfgItem": "MfgItem-1",
        "nc": "NcItem-1-S3",
        "pa": "Overwritten_In_GeneratePalletNc",
        "wc": "WcItem-1"
    },
    {
        "cycle": 60.457930000000005,
        "description": "DescItem-2",
        "item": "ArtItem-2",
        "mfgItem": "MfgItem-2",
        "nc": "NcItem-2-S1",
        "pa": "Overwritten_In_GeneratePalletNc",
        "wc": "WcItem-2"
    },
    {
        "cycle": 77.34077,
        "description": "DescItem-2",
        "item": "ArtItem-2",
        "mfgItem": "MfgItem-2",
        "nc": "NcItem-2-S2",
        "pa": "Overwritten_In_GeneratePalletNc",
        "wc": "WcItem-2"
    },
    {
        "cycle": 112.26214000000002,
        "description": "DescItem-3",
        "item": "ArtItem-3",
        "mfgItem": "MfgItem-3",
        "nc": "NcItem-3-S1",
        "pa": "Overwritten_In_GeneratePalletNc",
        "wc": "WcItem-3"
    },
    {
        "cycle": 165.6963,
        "description": "DescItem-3",
        "item": "ArtItem-3",
        "mfgItem": "MfgItem-3",
        "nc": "NcItem-3-S2",
        "pa": "Overwritten_In_GeneratePalletNc",
        "wc": "WcItem-3"
    },
    {
        "cycle": 260.83743,
        "description": "DescItem-3",
        "item": "ArtItem-3",
        "mfgItem": "MfgItem-3",
        "nc": "NcItem-3-S3",
        "pa": "Overwritten_In_GeneratePalletNc",
        "wc": "WcItem-3"
    },
    {
        "cycle": 32.129639999999995,
        "description": "DescItem-4",
        "item": "ArtItem-4",
        "mfgItem": "MfgItem-4",
        "nc": "NcItem-4-S1",
        "pa": "Overwritten_In_GeneratePalletNc",
        "wc": "WcItem-4"
    },
    {
        "cycle": 35.97159,
        "description": "DescItem-4",
        "item": "ArtItem-4",
        "mfgItem": "MfgItem-4",
        "nc": "NcItem-4-S2",
        "pa": "Overwritten_In_GeneratePalletNc",
        "wc": "WcItem-4"
    },
    {
        "cycle": 40.097469999999994,
        "description": "DescItem-5",
        "item": "ArtItem-5",
        "mfgItem": "MfgItem-5",
        "nc": "NcItem-5-S1",
        "pa": "Overwritten_In_GeneratePalletNc",
        "wc": "WcItem-5"
    },
    {
        "cycle": 46.881339999999994,
        "description": "DescItem-5",
        "item": "ArtItem-5",
        "mfgItem": "MfgItem-5",
        "nc": "NcItem-5-S2",
        "pa": "Overwritten_In_GeneratePalletNc",
        "wc": "WcItem-5"
    },
    {
        "cycle": 53.12396,
        "description": "DescItem-5",
        "item": "ArtItem-5",
        "mfgItem": "MfgItem-5",
        "nc": "NcItem-5-S3",
        "pa": "Overwritten_In_GeneratePalletNc",
        "wc": "WcItem-5"
    },
    {
        "cycle": 60.457930000000005,
        "description": "DescItem-6",
        "item": "ArtItem-6",
        "mfgItem": "MfgItem-6",
        "nc": "NcItem-6-S1",
        "pa": "Overwritten_In_GeneratePalletNc",
        "wc": "WcItem-6"
    },
    {
        "cycle": 77.34077,
        "description": "DescItem-6",
        "item": "ArtItem-6",
        "mfgItem": "MfgItem-6",
        "nc": "NcItem-6-S2",
        "pa": "Overwritten_In_GeneratePalletNc",
        "wc": "WcItem-6"
    },
    {
        "cycle": 112.26214000000002,
        "description": "DescItem-7",
        "item": "ArtItem-7",
        "mfgItem": "MfgItem-7",
        "nc": "NcItem-7-S1",
        "pa": "Overwritten_In_GeneratePalletNc",
        "wc": "WcItem-7"
    },
    {
        "cycle": 165.6963,
        "description": "DescItem-7",
        "item": "ArtItem-7",
        "mfgItem": "MfgItem-7",
        "nc": "NcItem-7-S2",
        "pa": "Overwritten_In_GeneratePalletNc",
        "wc": "WcItem-7"
    },
    {
        "cycle": 260.83743,
        "description": "DescItem-7",
        "item": "ArtItem-7",
        "mfgItem": "MfgItem-7",
        "nc": "NcItem-7-S3",
        "pa": "Overwritten_In_GeneratePalletNc",
        "wc": "WcItem-7"
    },
    {
        "cycle": 32.129639999999995,
        "description": "DescItem-8",
        "item": "ArtItem-8",
        "mfgItem": "MfgItem-8",
        "nc": "NcItem-8-S1",
        "pa": "Overwritten_In_GeneratePalletNc",
        "wc": "WcItem-8"
    },
    {
        "cycle": 35.97159,
        "description": "DescItem-8",
        "item": "ArtItem-8",
        "mfgItem": "MfgItem-8",
        "nc": "NcItem-8-S2",
        "pa": "Overwritten_In_GeneratePalletNc",
        "wc": "WcItem-8"
    },
    {
        "cycle": 40.097469999999994,
        "description": "DescItem-9",
        "item": "ArtItem-9",
        "mfgItem": "MfgItem-9",
        "nc": "NcItem-9-S1",
        "pa": "Overwritten_In_GeneratePalletNc",
        "wc": "WcItem-9"
    },
    {
        "cycle": 46.881339999999994,
        "description": "DescItem-9",
        "item": "ArtItem-9",
        "mfgItem": "MfgItem-9",
        "nc": "NcItem-9-S2",
        "pa": "Overwritten_In_GeneratePalletNc",
        "wc": "WcItem-9"
    },
    {
        "cycle": 53.12396,
        "description": "DescItem-9",
        "item": "ArtItem-9",
        "mfgItem": "MfgItem-9",
        "nc": "NcItem-9-S3",
        "pa": "Overwritten_In_GeneratePalletNc",
        "wc": "WcItem-9"
    },
    {
        "cycle": 60.457930000000005,
        "description": "DescItem-10",
        "item": "ArtItem-10",
        "mfgItem": "MfgItem-10",
        "nc": "NcItem-10-S1",
        "pa": "Overwritten_In_GeneratePalletNc",
        "wc": "WcItem-10"
    },
    {
        "cycle": 77.34077,
        "description": "DescItem-10",
        "item": "ArtItem-10",
        "mfgItem": "MfgItem-10",
        "nc": "NcItem-10-S2",
        "pa": "Overwritten_In_GeneratePalletNc",
        "wc": "WcItem-10"
    },
    {
        "cycle": 112.26214000000002,
        "description": "DescItem-11",
        "item": "ArtItem-11",
        "mfgItem": "MfgItem-11",
        "nc": "NcItem-11-S1",
        "pa": "Overwritten_In_GeneratePalletNc",
        "wc": "WcItem-11"
    },
    {
        "cycle": 165.6963,
        "description": "DescItem-11",
        "item": "ArtItem-11",
        "mfgItem": "MfgItem-11",
        "nc": "NcItem-11-S2",
        "pa": "Overwritten_In_GeneratePalletNc",
        "wc": "WcItem-11"
    },
    {
        "cycle": 260.83743,
        "description": "DescItem-11",
        "item": "ArtItem-11",
        "mfgItem": "MfgItem-11",
        "nc": "NcItem-11-S3",
        "pa": "Overwritten_In_GeneratePalletNc",
        "wc": "WcItem-11"
    },
    {
        "cycle": 32.129639999999995,
        "description": "DescItem-12",
        "item": "ArtItem-12",
        "mfgItem": "MfgItem-12",
        "nc": "NcItem-12-S1",
        "pa": "Overwritten_In_GeneratePalletNc",
        "wc": "WcItem-12"
    },
    {
        "cycle": 35.97159,
        "description": "DescItem-12",
        "item": "ArtItem-12",
        "mfgItem": "MfgItem-12",
        "nc": "NcItem-12-S2",
        "pa": "Overwritten_In_GeneratePalletNc",
        "wc": "WcItem-12"
    },
    {
        "cycle": 40.097469999999994,
        "description": "DescItem-13",
        "item": "ArtItem-13",
        "mfgItem": "MfgItem-13",
        "nc": "NcItem-13-S1",
        "pa": "Overwritten_In_GeneratePalletNc",
        "wc": "WcItem-13"
    },
    {
        "cycle": 46.881339999999994,
        "description": "DescItem-13",
        "item": "ArtItem-13",
        "mfgItem": "MfgItem-13",
        "nc": "NcItem-13-S2",
        "pa": "Overwritten_In_GeneratePalletNc",
        "wc": "WcItem-13"
    },
    {
        "cycle": 53.12396,
        "description": "DescItem-13",
        "item": "ArtItem-13",
        "mfgItem": "MfgItem-13",
        "nc": "NcItem-13-S3",
        "pa": "Overwritten_In_GeneratePalletNc",
        "wc": "WcItem-13"
    }
]