{
    "105_514_bew1.H": {
        "TA00050": 1,
        "TA00051": 1,
        "TA00069": 1,
        "TA00114": 1,
        "TA00349": 1,
        "TA00464": 1,
        "TA04130": 1,
        "TA05131": 1,
        "TA06460": 1,
        "TA08000": 1,
        "TA08009": 1,
        "TA08009_F": 1,
        "TA08011": 1,
        "TA08031": 1,
        "TA12481": 1
    },
    "40226736639R1_S2.H": {
        "TA00045": 1,
        "TA01041": 1,
        "TA02702": 1,
        "TA04243": 1,
        "TA04402": 1,
        "TA04911": 1,
        "TA04943": 1,
        "TA05064": 1,
        "TA05592": 1,
        "TA07576": 1,
        "TA11588": 1,
        "TA11839": 1,
        "TA11993": 1,
        "TA15016": 1,
        "TA15261": 1
    },
    "40226736639R1_S4.H": {
        "MEETTASTER": 1,
        "TA00037": 1,
        "TA00045": 1,
        "TA01889": 1,
        "TA01892": 1,
        "TA04248": 1,
        "TA04431": 1,
        "TA04432": 1,
        "TA04549": 1,
        "TA04911": 1,
        "TA04916": 1,
        "TA04943": 1,
        "TA05536": 1,
        "TA05592": 1,
        "TA07840": 1,
        "TA08502": 1,
        "TA08773": 1,
        "TA09304": 1,
        "TA09594": 1,
        "TA10885": 1,
        "TA11064": 1,
        "TA11695": 1
    },
    "4022_639_8308_bew1.H": {
        "TA04943": 1,
        "TA04998": 1,
        "TA15016": 1
    },
    "4022_639_8308_bew2.H": {
        "TA00045": 1,
        "TA01069": 1,
        "TA04431": 1,
        "TA04432": 1,
        "TA04943": 1,
        "TA05537": 1,
        "TA08534": 1,
        "TA09276": 1,
        "TA09594": 1,
        "TA10694": 1,
        "TA11478": 1,
        "TA11814": 1,
        "TA11841": 1,
        "TA12106": 1,
        "TA12319": 1,
        "TA12325": 1,
        "TA12412": 1,
        "TA15032": 1
    },
    "4022_639_8308_bew3.H": {
        "TA04431": 1,
        "TA04943": 1,
        "TA05417": 1,
        "TA05537": 1,
        "TA07840": 1,
        "TA11814": 1,
        "TA11841": 1,
        "TA12318": 1,
        "TA15016": 1
    },
    "4022_695_1196_Bew1.H": {
        "TA04943": 1,
        "TA04946": 1,
        "TA15010": 1
    },
    "4022_695_1196_Bew2.H": {
        "TA00345": 1,
        "TA00361": 1,
        "TA00487": 1,
        "TA00501": 1,
        "TA00511": 1,
        "TA00608": 1,
        "TA00958": 1,
        "TA02702": 1,
        "TA02891": 1,
        "TA03044": 1,
        "TA04431": 1,
        "TA04901": 1,
        "TA04909": 1,
        "TA04916": 1,
        "TA04943": 1,
        "TA05598": 1,
        "TA07408": 1,
        "TA07484": 1,
        "TA07493": 1,
        "TA07841": 1,
        "TA08549": 1,
        "TA08551": 1,
        "TA09466": 1,
        "TA09600": 1,
        "TA09680": 1,
        "TA09806": 1,
        "TA11028": 1,
        "TA11841": 1,
        "TA12069": 1,
        "TA12101": 1,
        "TA12253": 1,
        "TA12473": 1,
        "TA14170": 1,
        "TA15010": 1,
        "TA15032": 1,
        "TA15033": 1,
        "TA15055": 1,
        "TASTER": 1
    },
    "4022_695_1196_Bew3.H": {
        "TA03044": 1,
        "TA09585": 1,
        "TA09600": 1,
        "TA11841": 1
    },
    "4022_695_1198_Bew1.H": {
        "TA04394": 1,
        "TA04943": 1,
        "TA04946": 1,
        "TA11588": 1
    },
    "4022_695_1198_Bew2.H": {
        "TA00147": 1,
        "TA00410": 1,
        "TA04394": 1,
        "TA04396": 1,
        "TA04404": 1,
        "TA04481": 1,
        "TA04901": 1,
        "TA04919": 1,
        "TA04937": 1,
        "TA04943": 1,
        "TA08815": 1,
        "TA09276": 1,
        "TA09594": 1,
        "TA09761": 1,
        "TA10484": 1,
        "TA10621": 1,
        "TA10777": 1,
        "TA11044": 1,
        "TA11541": 1,
        "TA11813": 1,
        "TA11814": 1,
        "TA11879": 1,
        "TA11915": 1,
        "TA12392": 1
    },
    "4022_695_1198_Bew3.H": {
        "TA00097": 1,
        "TA00376": 1,
        "TA01051": 1,
        "TA01057": 1,
        "TA01533": 1,
        "TA02008": 1,
        "TA04394": 1,
        "TA04400": 1,
        "TA04481": 1,
        "TA04943": 1,
        "TA08455": 1,
        "TA09589": 1,
        "TA10484": 1,
        "TA10777": 1,
        "TA11541": 1,
        "TA11813": 1,
        "TASTER": 1
    },
    "4022_695_1201_Bew1.H": {
        "TA04394": 1,
        "TA04943": 1,
        "TA04946": 1,
        "TA11588": 1
    },
    "4022_695_1201_Bew2.H": {
        "TA00147": 1,
        "TA00410": 1,
        "TA04396": 1,
        "TA04404": 1,
        "TA04481": 1,
        "TA04901": 1,
        "TA04919": 1,
        "TA04937": 1,
        "TA04943": 1,
        "TA07402": 1,
        "TA08815": 1,
        "TA09276": 1,
        "TA09594": 1,
        "TA09761": 1,
        "TA10484": 1,
        "TA10621": 1,
        "TA10777": 1,
        "TA11044": 1,
        "TA11541": 1,
        "TA11588": 1,
        "TA11813": 1,
        "TA11814": 1,
        "TA11879": 1,
        "TA11915": 1,
        "TA12392": 1
    },
    "4022_695_1201_Bew3.H": {
        "TA00097": 1,
        "TA00376": 1,
        "TA01051": 1,
        "TA01533": 1,
        "TA02008": 1,
        "TA04400": 1,
        "TA04481": 1,
        "TA04943": 1,
        "TA08455": 1,
        "TA09589": 1,
        "TA10484": 1,
        "TA10777": 1,
        "TA11541": 1,
        "TA11588": 1,
        "TA11813": 1,
        "TA11915": 1,
        "TASTER": 1
    },
    "4022_695_1202_Bew2.H": {
        "TA00316": 1,
        "TA00317": 1,
        "TA04943": 1,
        "TA07179": 1,
        "TA09594": 1,
        "TA11839": 1,
        "TA12069": 1,
        "TA14130": 1,
        "TA15010": 1
    },
    "4022_695_1202_Bew3.H": {
        "TA00316": 1,
        "TA00317": 1,
        "TA04408": 1,
        "TA04943": 1,
        "TA10993": 1,
        "TA11839": 1,
        "TA14130": 1,
        "TASTER": 1
    },
    "4022_695_1202_Bew4.H": {
        "TA00316": 1,
        "TA00317": 1,
        "TA10993": 1,
        "TA11839": 1
    },
    "4380_101_09_Bew3.H": {
        "TA00004": 1,
        "TA00004_F": 1,
        "TASTER": 1
    },
    "481_4721_S12.MPF": {
        "10": 1,
        "11": 1,
        "1182": 1,
        "131": 1,
        "132": 1,
        "133": 1,
        "134": 1,
        "135": 1,
        "136": 1,
        "137": 1,
        "138": 1,
        "139": 1,
        "140": 1,
        "141": 1,
        "142": 1,
        "143": 1,
        "144": 1,
        "145": 1,
        "146": 1,
        "147": 1,
        "148": 1,
        "149": 1,
        "150": 1,
        "151": 1,
        "152": 1,
        "153": 1,
        "154": 1,
        "155": 1,
        "156": 1,
        "157": 1,
        "158": 1,
        "160": 1,
        "161": 1,
        "162": 1,
        "163": 1,
        "21": 1,
        "28": 1,
        "WARM_UP_TOOL": 1
    },
    "481_4721_S34.MPF": {
        "10": 1,
        "12": 1,
        "134": 1,
        "139": 1,
        "141": 1,
        "143": 1,
        "145": 1,
        "146": 1,
        "149": 1,
        "150": 1,
        "151": 1,
        "157": 1,
        "158": 1,
        "159": 1,
        "28": 1
    },
    "620_0954_S1.MPF": {
        "28": 1,
        "661": 1,
        "662": 1,
        "663": 1,
        "664": 1,
        "665": 1,
        "WARM_UP_TOOL": 1
    },
    "620_0954_S2.MPF": {
        "28": 1,
        "665": 1
    },
    "620_0957_S1.MPF": {
        "28": 1,
        "661": 1,
        "662": 1,
        "663": 1,
        "664": 1,
        "WARM_UP_TOOL": 1
    },
    "620_0957_S2.MPF": {
        "10": 1,
        "28": 1,
        "665": 1,
        "WARM_UP_TOOL": 1
    },
    "620_1878_S1.MPF": {
        "1": 1,
        "139": 1,
        "163": 1,
        "27": 1,
        "28": 1,
        "78": 1,
        "871": 1,
        "873": 1,
        "885": 1,
        "893": 1,
        "WARM_UP_TOOL": 1
    },
    "620_1878_S2.MPF": {
        "11": 1,
        "137": 1,
        "141": 1,
        "27": 1,
        "28": 1,
        "30": 1,
        "871": 1,
        "872": 1,
        "873": 1,
        "874": 1,
        "875": 1,
        "876": 1,
        "877": 1,
        "878": 1,
        "879": 1,
        "880": 1,
        "881": 1,
        "882": 1,
        "883": 1,
        "884": 1,
        "885": 1,
        "886": 1,
        "887": 1,
        "888": 1,
        "889": 1,
        "890": 1,
        "891": 1,
        "892": 1,
        "9": 1,
        "WARM_UP_TOOL": 1
    },
    "620_1878_S3.MPF": {
        "1193": 1,
        "1214": 1,
        "1221": 1,
        "139": 1,
        "28": 1,
        "30": 1,
        "875": 1,
        "876": 1,
        "879": 1,
        "881": 1,
        "882": 1,
        "886": 1,
        "888": 1,
        "889": 1,
        "892": 1,
        "9": 1,
        "WARM_UP_TOOL": 1
    },
    "620_1891_S1.MPF": {
        "10": 1,
        "1021": 1,
        "1022": 1,
        "1023": 1,
        "1024": 1,
        "1026": 1,
        "1027": 1,
        "1028": 1,
        "1029": 1,
        "1030": 1,
        "11": 1,
        "2": 1,
        "25": 1,
        "28": 1,
        "5": 1,
        "6": 1,
        "WARM_UP_TOOL": 1
    },
    "620_1891_S2.MPF": {
        "1029": 1,
        "1031": 1,
        "28": 1,
        "5": 1,
        "WARM_UP_TOOL": 1
    },
    "621_3696_S2.MPF": {
        "10": 1,
        "11": 1,
        "12": 1,
        "13": 1,
        "1371": 1,
        "1372": 1,
        "1373": 1,
        "1375": 1,
        "1376": 1,
        "1377": 1,
        "1378": 1,
        "1379": 1,
        "1380": 1,
        "1381": 1,
        "1382": 1,
        "1383": 1,
        "1384": 1,
        "1385": 1,
        "1386": 1,
        "1387": 1,
        "1388": 1,
        "17": 1,
        "18": 1,
        "26": 1,
        "27": 1,
        "28": 1,
        "3": 1,
        "WARM_UP_TOOL": 1
    },
    "621_3697_S1.MPF": {
        "1191": 1,
        "1192": 1,
        "1193": 1,
        "1196": 1,
        "1197": 1,
        "1202": 1,
        "1203": 1,
        "1214": 1,
        "1217": 1,
        "1218": 1,
        "1221": 1,
        "163": 1,
        "2": 1,
        "26": 1,
        "28": 1,
        "3": 1,
        "30": 1,
        "WARM_UP_TOOL": 1
    },
    "621_3697_S2.MPF": {
        "1": 1,
        "10": 1,
        "11": 1,
        "1191": 1,
        "1192": 1,
        "1194": 1,
        "1195": 1,
        "1198": 1,
        "1199": 1,
        "12": 1,
        "1201": 1,
        "1202": 1,
        "1204": 1,
        "1205": 1,
        "1207": 1,
        "1210": 1,
        "1211": 1,
        "1214": 1,
        "1215": 1,
        "1216": 1,
        "1218": 1,
        "1222": 1,
        "1223": 1,
        "1225": 1,
        "15": 1,
        "16": 1,
        "2": 1,
        "26": 1,
        "27": 1,
        "28": 1,
        "3": 1,
        "4": 1,
        "WARM_UP_TOOL": 1
    },
    "621_3697_S3.MPF": {
        "1": 1,
        "10": 1,
        "1200": 1,
        "1201": 1,
        "1204": 1,
        "1206": 1,
        "1207": 1,
        "1208": 1,
        "1209": 1,
        "1212": 1,
        "1213": 1,
        "1214": 1,
        "1218": 1,
        "1219": 1,
        "1220": 1,
        "137": 1,
        "139": 1,
        "163": 1,
        "2": 1,
        "28": 1,
        "3": 1,
        "30": 1,
        "6": 1,
        "WARM_UP_TOOL": 1
    },
    "621_3697_S4.MPF": {
        "1214": 1,
        "1224": 1,
        "28": 1,
        "30": 1,
        "WARM_UP_TOOL": 1
    },
    "621_3700_S1.MPF": {
        "10": 1,
        "1171": 1,
        "1172": 1,
        "1173": 1,
        "1174": 1,
        "1175": 1,
        "1176": 1,
        "1177": 1,
        "1178": 1,
        "1179": 1,
        "1180": 1,
        "1181": 1,
        "1182": 1,
        "1183": 1,
        "1184": 1,
        "1359": 1,
        "14": 1,
        "2": 1,
        "26": 1,
        "27": 1,
        "28": 1,
        "3": 1,
        "6": 1,
        "672": 1,
        "8": 1,
        "WARM_UP_TOOL": 1
    },
    "621_3705_S1.MPF": {
        "11": 1,
        "12": 1,
        "1283": 1,
        "1286": 1,
        "1287": 1,
        "1288": 1,
        "1291": 1,
        "1292": 1,
        "1294": 1,
        "14": 1,
        "27": 1,
        "28": 1,
        "30": 1,
        "4": 1,
        "7": 1,
        "WARM_UP_TOOL": 1
    },
    "621_3705_S2.MPF": {
        "1284": 1,
        "1286": 1,
        "1288": 1,
        "1290": 1,
        "1293": 1,
        "27": 1,
        "28": 1,
        "3": 1,
        "30": 1,
        "4": 1,
        "8": 1,
        "WARM_UP_TOOL": 1
    },
    "621_3706_S1.MPF": {
        "11": 1,
        "12": 1,
        "1282": 1,
        "1283": 1,
        "1286": 1,
        "1287": 1,
        "1288": 1,
        "13": 1,
        "26": 1,
        "27": 1,
        "28": 1,
        "30": 1,
        "4": 1,
        "7": 1,
        "WARM_UP_TOOL": 1
    },
    "621_3706_S2.MPF": {
        "10": 1,
        "1284": 1,
        "1285": 1,
        "1286": 1,
        "1289": 1,
        "1290": 1,
        "2": 1,
        "28": 1,
        "30": 1,
        "5": 1,
        "7": 1,
        "9": 1,
        "WARM_UP_TOOL": 1
    },
    "621_3712_S1.MPF": {
        "11": 1,
        "1161": 1,
        "1162": 1,
        "1163": 1,
        "1164": 1,
        "1165": 1,
        "1166": 1,
        "1167": 1,
        "12": 1,
        "2": 1,
        "25": 1,
        "28": 1,
        "5": 1,
        "WARM_UP_TOOL": 1
    },
    "621_3712_S2.MPF": {
        "1163": 1,
        "1168": 1,
        "28": 1,
        "WARM_UP_TOOL": 1
    },
    "621_8319_S1.MPF": {
        "11": 1,
        "12": 1,
        "1473": 1,
        "17": 1,
        "2": 1,
        "21": 1,
        "23": 1,
        "26": 1,
        "28": 1,
        "3": 1,
        "4": 1,
        "5": 1,
        "941": 1,
        "942": 1,
        "943": 1,
        "944": 1,
        "945": 1,
        "947": 1,
        "948": 1,
        "949": 1,
        "950": 1,
        "951": 1,
        "953": 1,
        "954": 1,
        "955": 1,
        "956": 1,
        "958": 1,
        "959": 1,
        "960": 1,
        "969": 1,
        "980": 1,
        "WARM_UP_TOOL": 1
    },
    "621_8319_S2.MPF": {
        "11": 1,
        "12": 1,
        "2": 1,
        "21": 1,
        "23": 1,
        "28": 1,
        "3": 1,
        "6": 1,
        "7": 1,
        "945": 1,
        "947": 1,
        "948": 1,
        "950": 1,
        "952": 1,
        "957": 1,
        "961": 1,
        "963": 1,
        "964": 1,
        "965": 1,
        "966": 1,
        "967": 1,
        "968": 1,
        "970": 1,
        "976": 1,
        "979": 1,
        "WARM_UP_TOOL": 1
    },
    "621_8319_S3.MPF": {
        "10": 1,
        "11": 1,
        "12": 1,
        "27": 1,
        "28": 1,
        "7": 1,
        "947": 1,
        "959": 1,
        "964": 1,
        "969": 1,
        "971": 1,
        "972": 1,
        "973": 1,
        "974": 1,
        "975": 1,
        "976": 1,
        "977": 1,
        "978": 1,
        "WARM_UP_TOOL": 1
    },
    "622_2304_S2.MPF": {
        "10": 1,
        "1041": 1,
        "1042": 1,
        "1043": 1,
        "1044": 1,
        "1046": 1,
        "1047": 1,
        "1048": 1,
        "1050": 1,
        "1051": 1,
        "1052": 1,
        "1053": 1,
        "1054": 1,
        "1055": 1,
        "1056": 1,
        "1057": 1,
        "1058": 1,
        "1059": 1,
        "1060": 1,
        "1061": 1,
        "1062": 1,
        "1063": 1,
        "1064": 1,
        "1065": 1,
        "1068": 1,
        "11": 1,
        "12": 1,
        "13": 1,
        "15": 1,
        "19": 1,
        "2": 1,
        "20": 1,
        "21": 1,
        "22": 1,
        "26": 1,
        "28": 1,
        "3": 1,
        "5": 1,
        "6": 1,
        "7": 1,
        "9": 1,
        "WARM_UP_TOOL": 1
    },
    "622_2304_S3.MPF": {
        "10": 1,
        "1045": 1,
        "1048": 1,
        "1049": 1,
        "1050": 1,
        "1053": 1,
        "1056": 1,
        "1061": 1,
        "1062": 1,
        "1064": 1,
        "1065": 1,
        "1066": 1,
        "1067": 1,
        "1068": 1,
        "1069": 1,
        "1070": 1,
        "1071": 1,
        "1072": 1,
        "1073": 1,
        "1074": 1,
        "11": 1,
        "28": 1,
        "3": 1,
        "5": 1,
        "6": 1,
        "7": 1,
        "9": 1,
        "WARM_UP_TOOL": 1
    },
    "631_1606_S12.MPF": {
        "1": 1,
        "10": 1,
        "11": 1,
        "131": 1,
        "132": 1,
        "133": 1,
        "134": 1,
        "135": 1,
        "136": 1,
        "137": 1,
        "138": 1,
        "140": 1,
        "141": 1,
        "142": 1,
        "143": 1,
        "144": 1,
        "145": 1,
        "146": 1,
        "147": 1,
        "148": 1,
        "149": 1,
        "150": 1,
        "151": 1,
        "152": 1,
        "153": 1,
        "154": 1,
        "155": 1,
        "156": 1,
        "157": 1,
        "158": 1,
        "159": 1,
        "161": 1,
        "162": 1,
        "163": 1,
        "21": 1,
        "28": 1,
        "3": 1,
        "873": 1,
        "878": 1,
        "WARM_UP_TOOL": 1
    },
    "631_1606_S34.MPF": {
        "10": 1,
        "1184": 1,
        "12": 1,
        "139": 1,
        "141": 1,
        "143": 1,
        "145": 1,
        "146": 1,
        "150": 1,
        "151": 1,
        "156": 1,
        "157": 1,
        "158": 1,
        "159": 1,
        "160": 1,
        "163": 1,
        "22": 1,
        "28": 1,
        "30": 1,
        "WARM_UP_TOOL": 1
    },
    "631_1660_S12.MPF": {
        "10": 1,
        "11": 1,
        "1224": 1,
        "131": 1,
        "132": 1,
        "133": 1,
        "134": 1,
        "135": 1,
        "136": 1,
        "137": 1,
        "138": 1,
        "139": 1,
        "140": 1,
        "141": 1,
        "142": 1,
        "143": 1,
        "144": 1,
        "145": 1,
        "146": 1,
        "147": 1,
        "148": 1,
        "149": 1,
        "150": 1,
        "151": 1,
        "152": 1,
        "153": 1,
        "154": 1,
        "155": 1,
        "156": 1,
        "157": 1,
        "158": 1,
        "159": 1,
        "161": 1,
        "162": 1,
        "163": 1,
        "21": 1,
        "28": 1,
        "3": 1,
        "30": 1,
        "4": 1,
        "871": 1,
        "878": 1,
        "WARM_UP_TOOL": 1
    },
    "631_1660_S34.MPF": {
        "10": 1,
        "12": 1,
        "137": 1,
        "139": 1,
        "143": 1,
        "145": 1,
        "146": 1,
        "149": 1,
        "150": 1,
        "151": 1,
        "155": 1,
        "156": 1,
        "157": 1,
        "158": 1,
        "159": 1,
        "160": 1,
        "163": 1,
        "22": 1,
        "28": 1,
        "30": 1,
        "WARM_UP_TOOL": 1
    },
    "642_9957_S1.MPF": {
        "10": 1,
        "11": 1,
        "21": 1,
        "22": 1,
        "28": 1,
        "4": 1,
        "591": 1,
        "592": 1,
        "593": 1,
        "594": 1,
        "595": 1,
        "596": 1,
        "597": 1,
        "598": 1,
        "599": 1,
        "600": 1,
        "601": 1,
        "602": 1,
        "603": 1,
        "604": 1,
        "606": 1,
        "607": 1,
        "608": 1,
        "WARM_UP_TOOL": 1
    },
    "642_9975_S1.MPF": {
        "10": 1,
        "11": 1,
        "21": 1,
        "22": 1,
        "28": 1,
        "30": 1,
        "4": 1,
        "591": 1,
        "592": 1,
        "593": 1,
        "595": 1,
        "596": 1,
        "597": 1,
        "598": 1,
        "599": 1,
        "600": 1,
        "601": 1,
        "602": 1,
        "603": 1,
        "604": 1,
        "606": 1,
        "607": 1,
        "608": 1,
        "609": 1,
        "610": 1,
        "611": 1,
        "WARM_UP_TOOL": 1
    },
    "642_9975_S2.MPF": {
        "10": 1,
        "11": 1,
        "2": 1,
        "21": 1,
        "28": 1,
        "591": 1,
        "595": 1,
        "605": 1,
        "606": 1,
        "609": 1,
        "613": 1,
        "614": 1,
        "615": 1,
        "616": 1,
        "617": 1,
        "618": 1,
        "WARM_UP_TOOL": 1
    },
    "654_5717_S1.MPF": {
        "10": 1,
        "11": 1,
        "1231": 1,
        "1232": 1,
        "1233": 1,
        "1234": 1,
        "1235": 1,
        "1236": 1,
        "1237": 1,
        "1238": 1,
        "1239": 1,
        "15": 1,
        "21": 1,
        "22": 1,
        "23": 1,
        "26": 1,
        "28": 1,
        "3": 1,
        "4": 1,
        "WARM_UP_TOOL": 1
    },
    "657_4821_S1.MPF": {
        "1": 1,
        "10": 1,
        "1021": 1,
        "1022": 1,
        "1023": 1,
        "1024": 1,
        "1026": 1,
        "1027": 1,
        "1028": 1,
        "1029": 1,
        "11": 1,
        "2": 1,
        "25": 1,
        "28": 1,
        "4": 1,
        "5": 1,
        "6": 1,
        "953": 1,
        "WARM_UP_TOOL": 1
    },
    "657_4821_S2.MPF": {
        "1031": 1,
        "28": 1,
        "5": 1,
        "WARM_UP_TOOL": 1
    },
    "657_4822_S1.MPF": {
        "10": 1,
        "1021": 1,
        "1022": 1,
        "1023": 1,
        "1024": 1,
        "1026": 1,
        "1027": 1,
        "1028": 1,
        "1029": 1,
        "11": 1,
        "2": 1,
        "25": 1,
        "28": 1,
        "4": 1,
        "5": 1,
        "6": 1,
        "WARM_UP_TOOL": 1
    },
    "657_4822_S2.MPF": {
        "1031": 1,
        "28": 1,
        "5": 1,
        "WARM_UP_TOOL": 1
    },
    "6605_5591_bew1.H": {
        "MEETTASTER": 1,
        "TA00004": 1,
        "TA00004_F": 1,
        "TA00051": 1,
        "TA00137": 1,
        "TA00826": 1,
        "TA01974": 1,
        "TA03938": 1,
        "TA05055": 1,
        "TA05140": 1,
        "TA05141": 1,
        "TA05411": 1,
        "TA06185": 1,
        "TA07085": 1,
        "TA07478": 1,
        "TA08019": 1,
        "TA08027": 1,
        "TA08029": 1,
        "TA08030": 1,
        "TA08032": 1,
        "TA08033": 1,
        "TA08034": 1,
        "TA08036": 1,
        "TA08038": 1,
        "TA08575": 1,
        "TA09392": 1,
        "TA09397": 1,
        "TA09400": 1,
        "TA10231": 1,
        "TA10236": 1,
        "TA10239": 1,
        "TA10240": 1,
        "TA10241": 1,
        "TA11843": 1,
        "TA12107": 1
    },
    "6605_8301_8311_Bew2.H": {
        "TA00051": 1,
        "TA00677": 1,
        "TA00682": 1,
        "TA01272": 1,
        "TA08000": 1,
        "TA08004": 1,
        "TA08011": 1,
        "TA08017": 1,
        "TA08022": 1,
        "TA08027": 1,
        "TA08030": 1,
        "TA08034": 1,
        "TA08411": 1,
        "TA08418": 1,
        "TA08419": 1,
        "TA08420": 1,
        "TA08421": 1,
        "TA08422": 1,
        "TA09445": 1
    },
    "660_9527_S1.MPF": {
        "10": 1,
        "11": 1,
        "1321": 1,
        "1322": 1,
        "1323": 1,
        "1324": 1,
        "1325": 1,
        "139": 1,
        "19": 1,
        "26": 1,
        "28": 1,
        "6": 1,
        "WARM_UP_TOOL": 1
    },
    "660_9527_S2.MPF": {
        "10": 1,
        "1325": 1,
        "28": 1,
        "3": 1,
        "WARM_UP_TOOL": 1
    },
    "673_3345_S1.MPF": {
        "10": 1,
        "11": 1,
        "12": 1,
        "19": 1,
        "23": 1,
        "26": 1,
        "28": 1,
        "4": 1,
        "5": 1,
        "8": 1,
        "921": 1,
        "922": 1,
        "923": 1,
        "924": 1,
        "925": 1,
        "926": 1,
        "927": 1,
        "928": 1,
        "929": 1,
        "930": 1,
        "931": 1,
        "932": 1,
        "WARM_UP_TOOL": 1
    },
    "675_7327_S1.MPF": {
        "10": 1,
        "11": 1,
        "13": 1,
        "1394": 1,
        "15": 1,
        "28": 1,
        "3": 1,
        "30": 1,
        "35": 1,
        "5": 1,
        "981": 1,
        "982": 1,
        "983": 1,
        "984": 1,
        "985": 1,
        "986": 1,
        "987": 1,
        "988": 1,
        "989": 1,
        "991": 1,
        "WARM_UP_TOOL": 1
    },
    "675_7327_S2.MPF": {
        "1": 1,
        "10": 1,
        "1000": 1,
        "11": 1,
        "12": 1,
        "15": 1,
        "17": 1,
        "18": 1,
        "2": 1,
        "26": 1,
        "28": 1,
        "3": 1,
        "30": 1,
        "34": 1,
        "4": 1,
        "5": 1,
        "6": 1,
        "7": 1,
        "8": 1,
        "9": 1,
        "981": 1,
        "983": 1,
        "988": 1,
        "989": 1,
        "991": 1,
        "993": 1,
        "994": 1,
        "995": 1,
        "996": 1,
        "998": 1,
        "999": 1,
        "WARM_UP_TOOL": 1
    },
    "675_7327_S3.MPF": {
        "10": 1,
        "1001": 1,
        "1002": 1,
        "1003": 1,
        "1004": 1,
        "1005": 1,
        "13": 1,
        "1416": 1,
        "2": 1,
        "28": 1,
        "30": 1,
        "34": 1,
        "7": 1,
        "9": 1,
        "992": 1,
        "996": 1,
        "997": 1,
        "WARM_UP_TOOL": 1
    },
    "675_7327_S4.MPF": {
        "10": 1,
        "1001": 1,
        "1003": 1,
        "1006": 1,
        "1007": 1,
        "1008": 1,
        "1009": 1,
        "1010": 1,
        "1011": 1,
        "28": 1,
        "30": 1,
        "5": 1,
        "9": 1,
        "WARM_UP_TOOL": 1
    },
    "675_7327_S5.MPF": {
        "28": 1,
        "30": 1,
        "34": 1,
        "999": 1,
        "WARM_UP_TOOL": 1
    },
    "680_8018_S1.MPF": {
        "11": 1,
        "12": 1,
        "156": 1,
        "17": 1,
        "2": 1,
        "21": 1,
        "23": 1,
        "26": 1,
        "28": 1,
        "3": 1,
        "4": 1,
        "5": 1,
        "941": 1,
        "942": 1,
        "943": 1,
        "944": 1,
        "947": 1,
        "948": 1,
        "949": 1,
        "950": 1,
        "951": 1,
        "953": 1,
        "954": 1,
        "955": 1,
        "956": 1,
        "958": 1,
        "959": 1,
        "960": 1,
        "969": 1,
        "980": 1,
        "WARM_UP_TOOL": 1
    },
    "680_8018_S2.MPF": {
        "11": 1,
        "12": 1,
        "21": 1,
        "23": 1,
        "271": 1,
        "28": 1,
        "3": 1,
        "6": 1,
        "7": 1,
        "945": 1,
        "947": 1,
        "948": 1,
        "950": 1,
        "952": 1,
        "955": 1,
        "957": 1,
        "961": 1,
        "963": 1,
        "964": 1,
        "965": 1,
        "966": 1,
        "967": 1,
        "968": 1,
        "970": 1,
        "976": 1,
        "979": 1,
        "WARM_UP_TOOL": 1
    },
    "680_8018_S3.MPF": {
        "10": 1,
        "11": 1,
        "12": 1,
        "27": 1,
        "28": 1,
        "7": 1,
        "949": 1,
        "959": 1,
        "964": 1,
        "969": 1,
        "971": 1,
        "972": 1,
        "973": 1,
        "974": 1,
        "975": 1,
        "976": 1,
        "977": 1,
        "978": 1,
        "WARM_UP_TOOL": 1
    },
    "684_3023_S1.MPF": {
        "28": 1,
        "3": 1
    },
    "684_3023_S2.MPF": {
        "10": 1,
        "11": 1,
        "12": 1,
        "1331": 1,
        "1333": 1,
        "1335": 1,
        "1336": 1,
        "1337": 1,
        "1339": 1,
        "1342": 1,
        "1344": 1,
        "1349": 1,
        "1350": 1,
        "1352": 1,
        "1354": 1,
        "1355": 1,
        "1356": 1,
        "1359": 1,
        "1362": 1,
        "1363": 1,
        "15": 1,
        "21": 1,
        "28": 1,
        "30": 1,
        "WARM_UP_TOOL": 1
    },
    "684_3023_S3.MPF": {
        "10": 1,
        "12": 1,
        "1334": 1,
        "1335": 1,
        "1336": 1,
        "1338": 1,
        "1341": 1,
        "1342": 1,
        "1343": 1,
        "1348": 1,
        "1350": 1,
        "1353": 1,
        "1356": 1,
        "1357": 1,
        "1361": 1,
        "21": 1,
        "22": 1,
        "28": 1,
        "30": 1,
        "WARM_UP_TOOL": 1
    },
    "684_3024_S3.MPF": {
        "10": 1,
        "12": 1,
        "1334": 1,
        "1335": 1,
        "1336": 1,
        "1338": 1,
        "1341": 1,
        "1342": 1,
        "1343": 1,
        "1348": 1,
        "1350": 1,
        "1353": 1,
        "1356": 1,
        "1357": 1,
        "1361": 1,
        "21": 1,
        "22": 1,
        "28": 1,
        "30": 1,
        "WARM_UP_TOOL": 1
    },
    "684_3025_S1.MPF": {
        "28": 1,
        "3": 1
    },
    "684_3025_S2.MPF": {
        "10": 1,
        "11": 1,
        "12": 1,
        "1331": 1,
        "1333": 1,
        "1335": 1,
        "1336": 1,
        "1337": 1,
        "1339": 1,
        "1342": 1,
        "1344": 1,
        "1349": 1,
        "1350": 1,
        "1352": 1,
        "1354": 1,
        "1355": 1,
        "1356": 1,
        "1359": 1,
        "1362": 1,
        "1363": 1,
        "15": 1,
        "21": 1,
        "28": 1,
        "30": 1
    },
    "684_3025_S3.MPF": {
        "10": 1,
        "12": 1,
        "1334": 1,
        "1335": 1,
        "1336": 1,
        "1338": 1,
        "1341": 1,
        "1342": 1,
        "1343": 1,
        "1348": 1,
        "1350": 1,
        "1353": 1,
        "1356": 1,
        "1357": 1,
        "1361": 1,
        "21": 1,
        "22": 1,
        "28": 1,
        "30": 1,
        "WARM_UP_TOOL": 1
    },
    "684_3026_S1.MPF": {
        "28": 1,
        "3": 1
    },
    "684_3026_S2.MPF": {
        "11": 1,
        "1332": 1,
        "1333": 1,
        "1335": 1,
        "1336": 1,
        "1339": 1,
        "1345": 1,
        "1346": 1,
        "1347": 1,
        "1350": 1,
        "1351": 1,
        "1354": 1,
        "1355": 1,
        "1356": 1,
        "1357": 1,
        "1359": 1,
        "1360": 1,
        "1362": 1,
        "21": 1,
        "28": 1,
        "WARM_UP_TOOL": 1
    },
    "684_3026_S3.MPF": {
        "11": 1,
        "12": 1,
        "1334": 1,
        "1336": 1,
        "1342": 1,
        "1352": 1,
        "1353": 1,
        "1356": 1,
        "1358": 1,
        "1361": 1,
        "22": 1,
        "28": 1
    },
    "684_3027_S1.MPF": {
        "1193": 1,
        "28": 1,
        "3": 1
    },
    "684_3027_S2.MPF": {
        "11": 1,
        "1332": 1,
        "1333": 1,
        "1335": 1,
        "1336": 1,
        "1339": 1,
        "1345": 1,
        "1346": 1,
        "1350": 1,
        "1351": 1,
        "1354": 1,
        "1355": 1,
        "1356": 1,
        "1357": 1,
        "1359": 1,
        "1362": 1,
        "19": 1,
        "28": 1
    },
    "684_3027_S3.MPF": {
        "11": 1,
        "12": 1,
        "1334": 1,
        "1336": 1,
        "1342": 1,
        "1352": 1,
        "1353": 1,
        "1356": 1,
        "1357": 1,
        "1358": 1,
        "1361": 1,
        "21": 1,
        "22": 1,
        "28": 1,
        "64": 1,
        "WARM_UP_TOOL": 1
    },
    "684_3028_S1.MPF": {
        "28": 1,
        "3": 1
    },
    "684_3028_S2.MPF": {
        "11": 1,
        "1332": 1,
        "1333": 1,
        "1335": 1,
        "1336": 1,
        "1339": 1,
        "1340": 1,
        "1344": 1,
        "1345": 1,
        "1346": 1,
        "1347": 1,
        "1350": 1,
        "1351": 1,
        "1354": 1,
        "1355": 1,
        "1356": 1,
        "1357": 1,
        "1359": 1,
        "1360": 1,
        "1362": 1,
        "19": 1,
        "21": 1,
        "28": 1
    },
    "684_3028_S3.MPF": {
        "11": 1,
        "12": 1,
        "1334": 1,
        "1336": 1,
        "1342": 1,
        "1352": 1,
        "1353": 1,
        "1356": 1,
        "1357": 1,
        "1358": 1,
        "1361": 1,
        "22": 1,
        "28": 1,
        "WARM_UP_TOOL": 1
    },
    "684_3029_S1.MPF": {
        "28": 1,
        "3": 1
    },
    "684_3029_S2.MPF": {
        "11": 1,
        "1332": 1,
        "1333": 1,
        "1335": 1,
        "1336": 1,
        "1339": 1,
        "1345": 1,
        "1346": 1,
        "1347": 1,
        "1350": 1,
        "1351": 1,
        "1354": 1,
        "1355": 1,
        "1356": 1,
        "1357": 1,
        "1359": 1,
        "1360": 1,
        "1362": 1,
        "19": 1,
        "21": 1,
        "28": 1,
        "WARM_UP_TOOL": 1
    },
    "684_3029_S3.MPF": {
        "11": 1,
        "12": 1,
        "1334": 1,
        "1336": 1,
        "1342": 1,
        "1352": 1,
        "1353": 1,
        "1356": 1,
        "1357": 1,
        "1358": 1,
        "1361": 1,
        "22": 1,
        "28": 1
    },
    "684_5603_S1.MPF": {
        "1333": 1,
        "28": 1,
        "3": 1,
        "WARM_UP_TOOL": 1
    },
    "684_5603_S2.MPF": {
        "10": 1,
        "11": 1,
        "12": 1,
        "1331": 1,
        "1333": 1,
        "1334": 1,
        "1335": 1,
        "1336": 1,
        "1337": 1,
        "1339": 1,
        "1342": 1,
        "1344": 1,
        "1349": 1,
        "1350": 1,
        "1352": 1,
        "1354": 1,
        "1355": 1,
        "1356": 1,
        "1359": 1,
        "1362": 1,
        "1363": 1,
        "15": 1,
        "21": 1,
        "28": 1,
        "30": 1,
        "WARM_UP_TOOL": 1
    },
    "684_5603_S3.MPF": {
        "10": 1,
        "12": 1,
        "1334": 1,
        "1335": 1,
        "1336": 1,
        "1338": 1,
        "1341": 1,
        "1342": 1,
        "1343": 1,
        "1348": 1,
        "1350": 1,
        "1353": 1,
        "1356": 1,
        "1357": 1,
        "1361": 1,
        "21": 1,
        "22": 1,
        "28": 1,
        "30": 1,
        "WARM_UP_TOOL": 1
    },
    "684_5604_S1.MPF": {
        "28": 1,
        "3": 1
    },
    "684_5604_S2.MPF": {
        "10": 1,
        "11": 1,
        "12": 1,
        "1331": 1,
        "1333": 1,
        "1335": 1,
        "1336": 1,
        "1337": 1,
        "1339": 1,
        "1342": 1,
        "1344": 1,
        "1349": 1,
        "1350": 1,
        "1352": 1,
        "1354": 1,
        "1355": 1,
        "1356": 1,
        "1359": 1,
        "1362": 1,
        "1363": 1,
        "15": 1,
        "21": 1,
        "28": 1,
        "30": 1,
        "WARM_UP_TOOL": 1
    },
    "684_5604_S3.MPF": {
        "10": 1,
        "12": 1,
        "1334": 1,
        "1335": 1,
        "1336": 1,
        "1338": 1,
        "1341": 1,
        "1342": 1,
        "1343": 1,
        "1348": 1,
        "1350": 1,
        "1353": 1,
        "1356": 1,
        "1357": 1,
        "1361": 1,
        "21": 1,
        "22": 1,
        "28": 1,
        "3": 1,
        "30": 1,
        "WARM_UP_TOOL": 1
    },
    "684_5605_S1.MPF": {
        "28": 1,
        "3": 1,
        "WARM_UP_TOOL": 1
    },
    "684_5605_S2.MPF": {
        "11": 1,
        "1332": 1,
        "1333": 1,
        "1335": 1,
        "1336": 1,
        "1339": 1,
        "1345": 1,
        "1346": 1,
        "1347": 1,
        "1350": 1,
        "1351": 1,
        "1354": 1,
        "1355": 1,
        "1356": 1,
        "1357": 1,
        "1359": 1,
        "1360": 1,
        "1362": 1,
        "19": 1,
        "21": 1,
        "28": 1,
        "WARM_UP_TOOL": 1
    },
    "684_5605_S3.MPF": {
        "11": 1,
        "12": 1,
        "1334": 1,
        "1336": 1,
        "1342": 1,
        "1352": 1,
        "1353": 1,
        "1356": 1,
        "1357": 1,
        "1358": 1,
        "1361": 1,
        "22": 1,
        "28": 1
    },
    "684_5606_S1.MPF": {
        "28": 1,
        "3": 1
    },
    "684_5606_S2.MPF": {
        "11": 1,
        "1332": 1,
        "1333": 1,
        "1335": 1,
        "1336": 1,
        "1339": 1,
        "1345": 1,
        "1346": 1,
        "1347": 1,
        "1350": 1,
        "1351": 1,
        "1354": 1,
        "1355": 1,
        "1356": 1,
        "1357": 1,
        "1359": 1,
        "1360": 1,
        "1362": 1,
        "19": 1,
        "21": 1,
        "28": 1,
        "WARM_UP_TOOL": 1
    },
    "684_5606_S3.MPF": {
        "11": 1,
        "12": 1,
        "1334": 1,
        "1336": 1,
        "1342": 1,
        "1352": 1,
        "1353": 1,
        "1356": 1,
        "1357": 1,
        "1358": 1,
        "1361": 1,
        "22": 1,
        "28": 1,
        "WARM_UP_TOOL": 1
    },
    "684_5607_S1.MPF": {
        "28": 1,
        "3": 1
    },
    "684_5607_S2.MPF": {
        "11": 1,
        "1332": 1,
        "1333": 1,
        "1335": 1,
        "1336": 1,
        "1339": 1,
        "1345": 1,
        "1346": 1,
        "1350": 1,
        "1351": 1,
        "1354": 1,
        "1355": 1,
        "1356": 1,
        "1357": 1,
        "1359": 1,
        "1362": 1,
        "19": 1,
        "28": 1,
        "WARM_UP_TOOL": 1
    },
    "684_5607_S3.MPF": {
        "11": 1,
        "12": 1,
        "1334": 1,
        "1336": 1,
        "1342": 1,
        "1352": 1,
        "1353": 1,
        "1356": 1,
        "1357": 1,
        "1358": 1,
        "1361": 1,
        "21": 1,
        "22": 1,
        "28": 1,
        "WARM_UP_TOOL": 1
    },
    "684_5622_S1.MPF": {
        "28": 1,
        "3": 1,
        "30": 1,
        "WARM_UP_TOOL": 1
    },
    "684_5622_S2.MPF": {
        "10": 1,
        "11": 1,
        "12": 1,
        "1331": 1,
        "1333": 1,
        "1335": 1,
        "1336": 1,
        "1337": 1,
        "1339": 1,
        "1342": 1,
        "1344": 1,
        "1349": 1,
        "1350": 1,
        "1352": 1,
        "1354": 1,
        "1355": 1,
        "1356": 1,
        "1359": 1,
        "1362": 1,
        "1363": 1,
        "15": 1,
        "21": 1,
        "28": 1,
        "30": 1,
        "WARM_UP_TOOL": 1
    },
    "684_5622_S3.MPF": {
        "10": 1,
        "12": 1,
        "1334": 1,
        "1335": 1,
        "1336": 1,
        "1338": 1,
        "1341": 1,
        "1342": 1,
        "1343": 1,
        "1348": 1,
        "1350": 1,
        "1353": 1,
        "1356": 1,
        "1357": 1,
        "1361": 1,
        "21": 1,
        "22": 1,
        "28": 1,
        "30": 1,
        "WARM_UP_TOOL": 1
    },
    "697_3440_2_S2.H": {
        "MEETTASTER": 1,
        "TA00089": 1,
        "TA04401": 1,
        "TA04481": 1,
        "TA04901": 1,
        "TA04911": 1,
        "TA04943": 1,
        "TA11839": 1,
        "TA15001": 1,
        "TA15307": 1
    },
    "70172_200_S1.MPF": {
        "12": 1,
        "17": 1,
        "2": 1,
        "26": 1,
        "28": 1,
        "571": 1,
        "572": 1,
        "573": 1,
        "574": 1,
        "575": 1,
        "576": 1,
        "577": 1,
        "578": 1,
        "579": 1,
        "580": 1,
        "582": 1,
        "7": 1,
        "WARM_UP_TOOL": 1
    },
    "70172_202_S1.MPF": {
        "12": 1,
        "17": 1,
        "2": 1,
        "26": 1,
        "28": 1,
        "3": 1,
        "571": 1,
        "572": 1,
        "573": 1,
        "574": 1,
        "575": 1,
        "576": 1,
        "577": 1,
        "578": 1,
        "579": 1,
        "580": 1,
        "582": 1,
        "7": 1
    },
    "70172_204_S1.MPF": {
        "12": 1,
        "17": 1,
        "2": 1,
        "26": 1,
        "28": 1,
        "3": 1,
        "572": 1,
        "573": 1,
        "575": 1,
        "576": 1,
        "577": 1,
        "578": 1,
        "579": 1,
        "580": 1,
        "581": 1,
        "582": 1,
        "7": 1
    },
    "71083_212_RFS1.H": {
        "TA04911": 1,
        "TA04943": 1,
        "TA09949": 1,
        "TA10095": 1,
        "TA10572": 1,
        "TA10591": 1,
        "TA11409": 1,
        "TA11410": 1,
        "TA11475": 1,
        "TA11838": 1,
        "TA11875": 1,
        "TA15287": 1
    },
    "721_00135_S1.MPF": {
        "10": 1,
        "11": 1,
        "12": 1,
        "191": 1,
        "192": 1,
        "193": 1,
        "194": 1,
        "195": 1,
        "196": 1,
        "197": 1,
        "198": 1,
        "199": 1,
        "2": 1,
        "200": 1,
        "201": 1,
        "202": 1,
        "203": 1,
        "204": 1,
        "205": 1,
        "206": 1,
        "207": 1,
        "208": 1,
        "209": 1,
        "210": 1,
        "28": 1,
        "3": 1,
        "30": 1,
        "5": 1,
        "9": 1,
        "WARM_UP_TOOL": 1
    },
    "73125_202_S1.MPF": {
        "10": 1,
        "1117": 1,
        "14": 1,
        "15": 1,
        "2": 1,
        "28": 1,
        "3": 1,
        "301": 1,
        "302": 1,
        "303": 1,
        "304": 1,
        "305": 1,
        "306": 1,
        "307": 1,
        "308": 1,
        "309": 1,
        "310": 1,
        "311": 1,
        "4": 1,
        "8": 1,
        "9": 1,
        "WARM_UP_TOOL": 1
    },
    "74285_204_S1.MPF": {
        "1": 1,
        "10": 1,
        "11": 1,
        "12": 1,
        "173": 1,
        "174": 1,
        "175": 1,
        "176": 1,
        "184": 1,
        "187": 1,
        "21": 1,
        "28": 1,
        "WARM_UP_TOOL": 1
    },
    "74285_204_S2.MPF": {
        "10": 1,
        "180": 1,
        "181": 1,
        "28": 1,
        "WARM_UP_TOOL": 1
    },
    "75958_200_S1.MPF": {
        "10": 1,
        "11": 1,
        "2": 1,
        "25": 1,
        "26": 1,
        "28": 1,
        "4": 1,
        "451": 1,
        "452": 1,
        "453": 1,
        "454": 1,
        "455": 1,
        "456": 1,
        "457": 1,
        "458": 1,
        "459": 1,
        "460": 1,
        "461": 1,
        "462": 1,
        "463": 1,
        "464": 1,
        "5": 1,
        "9": 1,
        "WARM_UP_TOOL": 1
    },
    "76245_200_1X.MPF": {
        "10": 1,
        "28": 1,
        "4": 1,
        "750": 1,
        "751": 1,
        "WARM_UP_TOOL": 1
    },
    "76245_200_6X.MPF": {
        "10": 1,
        "28": 1,
        "4": 1,
        "750": 1,
        "751": 1,
        "WARM_UP_TOOL": 1
    },
    "76245_200_S1.MPF": {
        "1": 1,
        "10": 1,
        "12": 1,
        "13": 1,
        "2": 1,
        "28": 1,
        "3": 1,
        "4": 1,
        "741": 1,
        "742": 1,
        "743": 1,
        "744": 1,
        "745": 1,
        "746": 1,
        "747": 1,
        "748": 1,
        "749": 1,
        "WARM_UP_TOOL": 1
    },
    "81_4718_S12.MPF": {
        "10": 1,
        "11": 1,
        "1225": 1,
        "131": 1,
        "132": 1,
        "133": 1,
        "134": 1,
        "135": 1,
        "136": 1,
        "137": 1,
        "138": 1,
        "140": 1,
        "141": 1,
        "142": 1,
        "143": 1,
        "144": 1,
        "145": 1,
        "146": 1,
        "147": 1,
        "148": 1,
        "149": 1,
        "150": 1,
        "151": 1,
        "152": 1,
        "153": 1,
        "154": 1,
        "155": 1,
        "156": 1,
        "157": 1,
        "158": 1,
        "159": 1,
        "160": 1,
        "161": 1,
        "162": 1,
        "163": 1,
        "21": 1,
        "28": 1,
        "4": 1,
        "WARM_UP_TOOL": 1
    },
    "81_4718_S34.MPF": {
        "10": 1,
        "12": 1,
        "135": 1,
        "139": 1,
        "141": 1,
        "143": 1,
        "145": 1,
        "146": 1,
        "149": 1,
        "151": 1,
        "157": 1,
        "158": 1,
        "159": 1,
        "163": 1,
        "28": 1,
        "WARM_UP_TOOL": 1
    },
    "90548_200_S1.MPF": {
        "1": 1,
        "10": 1,
        "11": 1,
        "12": 1,
        "23": 1,
        "26": 1,
        "28": 1,
        "3": 1,
        "30": 1,
        "421": 1,
        "422": 1,
        "423": 1,
        "424": 1,
        "425": 1,
        "426": 1,
        "427": 1,
        "428": 1,
        "433": 1,
        "WARM_UP_TOOL": 1
    },
    "90548_202_S1.MPF": {
        "1": 1,
        "10": 1,
        "11": 1,
        "12": 1,
        "26": 1,
        "28": 1,
        "3": 1,
        "30": 1,
        "421": 1,
        "422": 1,
        "424": 1,
        "425": 1,
        "426": 1,
        "427": 1,
        "428": 1,
        "429": 1,
        "432": 1,
        "433": 1,
        "434": 1,
        "435": 1,
        "438": 1,
        "WARM_UP_TOOL": 1
    },
    "90548_202_S2.MPF": {
        "10": 1,
        "12": 1,
        "28": 1,
        "3": 1,
        "427": 1,
        "428": 1,
        "429": 1,
        "430": 1,
        "431": 1,
        "433": 1,
        "WARM_UP_TOOL": 1
    },
    "90548_204_S1.MPF": {
        "10": 1,
        "2": 1,
        "28": 1,
        "30": 1,
        "401": 1,
        "403": 1,
        "404": 1,
        "405": 1,
        "407": 1,
        "408": 1,
        "409": 1,
        "411": 1,
        "412": 1,
        "5": 1,
        "WARM_UP_TOOL": 1
    },
    "90548_204_S2.MPF": {
        "28": 1,
        "30": 1,
        "402": 1,
        "406": 1,
        "409": 1,
        "410": 1,
        "412": 1,
        "413": 1,
        "9": 1,
        "WARM_UP_TOOL": 1
    },
    "91113_400_S1.MPF": {
        "1": 1,
        "10": 1,
        "11": 1,
        "12": 1,
        "21": 1,
        "271": 1,
        "272": 1,
        "273": 1,
        "274": 1,
        "275": 1,
        "276": 1,
        "277": 1,
        "278": 1,
        "28": 1,
        "WARM_UP_TOOL": 1
    },
    "91113_400_S2.MPF": {
        "10": 1,
        "273": 1,
        "28": 1,
        "5": 1,
        "9": 1,
        "WARM_UP_TOOL": 1
    },
    "91113_402_S1.MPF": {
        "1": 1,
        "10": 1,
        "12": 1,
        "21": 1,
        "271": 1,
        "272": 1,
        "273": 1,
        "274": 1,
        "275": 1,
        "276": 1,
        "277": 1,
        "278": 1,
        "28": 1,
        "WARM_UP_TOOL": 1
    },
    "92453_204_S0.MPF": {
        "13": 1,
        "28": 1,
        "3": 1,
        "541": 1,
        "542": 1,
        "543": 1,
        "547": 1,
        "WARM_UP_TOOL": 1
    },
    "92453_204_S1.MPF": {
        "28": 1,
        "541": 1,
        "542": 1,
        "WARM_UP_TOOL": 1
    },
    "92453_204_S2.MPF": {
        "28": 1,
        "3": 1,
        "543": 1,
        "544": 1,
        "546": 1,
        "548": 1,
        "549": 1,
        "550": 1,
        "WARM_UP_TOOL": 1
    },
    "92453_204_S3.MPF": {
        "28": 1,
        "543": 1,
        "545": 1,
        "549": 1,
        "550": 1,
        "WARM_UP_TOOL": 1
    },
    "92453_205_S0.MPF": {
        "13": 1,
        "28": 1,
        "3": 1,
        "541": 1,
        "543": 1,
        "547": 1,
        "WARM_UP_TOOL": 1
    },
    "92453_205_S1.MPF": {
        "28": 1,
        "541": 1,
        "542": 1,
        "WARM_UP_TOOL": 1
    },
    "92453_205_S2.MPF": {
        "28": 1,
        "3": 1,
        "543": 1,
        "544": 1,
        "546": 1,
        "548": 1,
        "549": 1,
        "550": 1,
        "WARM_UP_TOOL": 1
    },
    "92453_205_S3.MPF": {
        "28": 1,
        "3": 1,
        "543": 1,
        "545": 1,
        "549": 1,
        "550": 1,
        "WARM_UP_TOOL": 1
    },
    "94453_200_S1.MPF": {
        "10": 1,
        "26": 1,
        "28": 1,
        "443": 1,
        "447": 1,
        "7": 1,
        "WARM_UP_TOOL": 1
    },
    "94453_200_S2.MPF": {
        "10": 1,
        "11": 1,
        "14": 1,
        "2": 1,
        "26": 1,
        "28": 1,
        "3": 1,
        "441": 1,
        "442": 1,
        "443": 1,
        "444": 1,
        "445": 1,
        "446": 1,
        "448": 1,
        "5": 1,
        "8": 1,
        "WARM_UP_TOOL": 1
    },
    "94453_200_S3.MPF": {
        "10": 1,
        "2": 1,
        "28": 1,
        "443": 1,
        "449": 1,
        "WARM_UP_TOOL": 1
    },
    "94453_201_S1.MPF": {
        "10": 1,
        "26": 1,
        "28": 1,
        "447": 1,
        "7": 1,
        "WARM_UP_TOOL": 1
    },
    "94453_201_S2.MPF": {
        "10": 1,
        "14": 1,
        "2": 1,
        "26": 1,
        "28": 1,
        "3": 1,
        "441": 1,
        "442": 1,
        "443": 1,
        "444": 1,
        "445": 1,
        "446": 1,
        "448": 1,
        "5": 1,
        "8": 1,
        "WARM_UP_TOOL": 1
    },
    "94453_201_S3.MPF": {
        "10": 1,
        "28": 1,
        "443": 1,
        "449": 1,
        "WARM_UP_TOOL": 1
    },
    "94462_200_S1.MPF": {
        "10": 1,
        "11": 1,
        "14": 1,
        "28": 1,
        "3": 1,
        "791": 1,
        "792": 1,
        "793": 1,
        "794": 1,
        "795": 1,
        "796": 1,
        "797": 1,
        "798": 1,
        "799": 1,
        "800": 1,
        "801": 1,
        "WARM_UP_TOOL": 1
    },
    "94462_200_S2.MPF": {
        "10": 1,
        "26": 1,
        "28": 1,
        "3": 1,
        "798": 1,
        "801": 1,
        "WARM_UP_TOOL": 1
    },
    "94463_200_S1.MPF": {
        "26": 1,
        "28": 1,
        "30": 1,
        "791": 1,
        "WARM_UP_TOOL": 1
    },
    "94463_200_S2.MPF": {
        "1": 1,
        "10": 1,
        "11": 1,
        "12": 1,
        "14": 1,
        "17": 1,
        "28": 1,
        "3": 1,
        "793": 1,
        "796": 1,
        "800": 1,
        "802": 1,
        "803": 1,
        "WARM_UP_TOOL": 1
    },
    "94463_200_S3.MPF": {
        "10": 1,
        "28": 1,
        "792": 1,
        "794": 1,
        "797": 1,
        "798": 1,
        "799": 1,
        "802": 1,
        "WARM_UP_TOOL": 1
    },
    "CL-T_18_40_400_Bew1.H": {
        "TA00904": 1,
        "TA02885": 1,
        "TA04394": 1,
        "TA04396": 1,
        "TA04399": 1,
        "TA04407": 1,
        "TA04888": 1,
        "TA04937": 1,
        "TA04943": 1,
        "TA07175": 1,
        "TA07296": 1,
        "TA07351": 1,
        "TA08807": 1,
        "TA08841": 1,
        "TA10591": 1,
        "TA15001": 1,
        "TA15010": 1
    },
    "D575_73320_200_00_Bew1.H": {
        "TA00004": 1,
        "TA00051": 1,
        "TA00137": 1,
        "TA00658": 1,
        "TA01974": 1,
        "TA08000": 1,
        "TA08006": 1,
        "TA08009_F": 1,
        "TA08011": 1,
        "TA08037": 1,
        "TA08575": 1,
        "TA09602": 1,
        "TA10111": 1,
        "TA10856": 1,
        "TA10857": 1,
        "TA11070": 1
    },
    "D575_73320_201_00_Bew1.H": {
        "TA00004": 1,
        "TA00051": 1,
        "TA00137": 1,
        "TA00658": 1,
        "TA01974": 1,
        "TA08000": 1,
        "TA08006": 1,
        "TA08009_F": 1,
        "TA08011": 1,
        "TA08037": 1,
        "TA08575": 1,
        "TA09602": 1,
        "TA10111": 1,
        "TA10856": 1,
        "TA10857": 1,
        "TA11070": 1
    },
    "E036560_Bew1.H": {
        "TA04943": 1,
        "TA10945": 1,
        "TASTER": 1
    },
    "NcItem-0-S1": {
        "TA00001": 1,
        "TA00002": 1
    },
    "NcItem-0-S2": {
        "TA00003": 1,
        "TA00004": 1,
        "TA00005": 1,
        "TA00006": 1
    },
    "NcItem-1-S1": {
        "597": 1,
        "TA00007": 1,
        "TA00008": 1,
        "TA00009": 1,
        "TA00010": 1,
        "TA00011": 1
    },
    "NcItem-1-S2": {
        "144": 1,
        "433": 1,
        "871": 1,
        "TA00012": 1,
        "TA00013": 1,
        "TA00014": 1,
        "TA00015": 1,
        "TA00016": 1,
        "TA08009_F": 1
    },
    "NcItem-1-S3": {
        "1332": 1,
        "1339": 1,
        "1353": 1,
        "141": 1,
        "150": 1,
        "158": 1,
        "163": 1,
        "TA00017": 1,
        "TA00018": 1,
        "TA00019": 1,
        "TA00020": 1,
        "TA00021": 1
    },
    "NcItem-10-S1": {
        "1339": 1,
        "1352": 1,
        "142": 1,
        "145": 1,
        "150": 1,
        "163": 1,
        "23": 1,
        "TA00114": 1,
        "TA00115": 1,
        "TA00116": 1,
        "TA00117": 1,
        "TA00118": 1,
        "TA04394": 1,
        "TASTER": 1
    },
    "NcItem-10-S2": {
        "10": 1,
        "1005": 1,
        "11": 1,
        "1199": 1,
        "12": 1,
        "1473": 1,
        "21": 1,
        "28": 1,
        "3": 1,
        "30": 1,
        "TA00119": 1,
        "TA00120": 1,
        "TA00121": 1,
        "TA00122": 1,
        "TA00123": 1,
        "WARM_UP_TOOL": 1
    },
    "NcItem-11-S1": {
        "1026": 1,
        "1062": 1,
        "161": 1,
        "273": 1,
        "275": 1,
        "592": 1,
        "597": 1,
        "879": 1,
        "964": 1,
        "978": 1,
        "TA00097": 1,
        "TA00124": 1,
        "TA00125": 1,
        "TA00126": 1,
        "TA00127": 1,
        "TA00128": 1,
        "TA02702": 1,
        "TA10236": 1,
        "TA11044": 1,
        "TA11813": 1
    },
    "NcItem-11-S2": {
        "10": 1,
        "11": 1,
        "12": 1,
        "1333": 1,
        "1335": 1,
        "1342": 1,
        "1346": 1,
        "1352": 1,
        "1354": 1,
        "1356": 1,
        "1357": 1,
        "146": 1,
        "149": 1,
        "15": 1,
        "21": 1,
        "26": 1,
        "3": 1,
        "30": 1,
        "TA00129": 1,
        "TA00130": 1,
        "TA00131": 1,
        "TA00132": 1,
        "TA00133": 1,
        "WARM_UP_TOOL": 1
    },
    "NcItem-11-S3": {
        "1023": 1,
        "1184": 1,
        "1193": 1,
        "1347": 1,
        "155": 1,
        "156": 1,
        "174": 1,
        "406": 1,
        "409": 1,
        "433": 1,
        "453": 1,
        "604": 1,
        "665": 1,
        "921": 1,
        "976": 1,
        "986": 1,
        "991": 1,
        "TA00057": 1,
        "TA00119": 1,
        "TA00134": 1,
        "TA00135": 1,
        "TA00136": 1,
        "TA00137": 1,
        "TA00138": 1,
        "TA00376": 1,
        "TA05411": 1,
        "TA10484": 1,
        "TA10885": 1,
        "TA14130": 1,
        "TASTER": 1
    },
    "NcItem-12-S1": {
        "TA00139": 1,
        "TA00140": 1
    },
    "NcItem-12-S2": {
        "TA00141": 1,
        "TA00142": 1,
        "TA00143": 1,
        "TA00144": 1
    },
    "NcItem-13-S1": {
        "21": 1,
        "TA00145": 1,
        "TA00146": 1,
        "TA00147": 1,
        "TA00148": 1,
        "TA00149": 1
    },
    "NcItem-13-S2": {
        "28": 1,
        "TA00150": 1,
        "TA00151": 1,
        "TA00152": 1,
        "TA00153": 1,
        "TA00154": 1,
        "WARM_UP_TOOL": 1
    },
    "NcItem-13-S3": {
        "1064": 1,
        "278": 1,
        "603": 1,
        "TA00063": 1,
        "TA00127": 1,
        "TA00155": 1,
        "TA00156": 1,
        "TA00157": 1,
        "TA00158": 1,
        "TA00159": 1,
        "TA04407": 1,
        "TA09806": 1
    },
    "NcItem-2-S1": {
        "10": 1,
        "11": 1,
        "12": 1,
        "1336": 1,
        "2": 1,
        "28": 1,
        "3": 1,
        "30": 1,
        "TA00022": 1,
        "TA00023": 1,
        "TA00024": 1,
        "TA00025": 1,
        "TA00026": 1,
        "WARM_UP_TOOL": 1
    },
    "NcItem-2-S2": {
        "1026": 1,
        "1163": 1,
        "412": 1,
        "463": 1,
        "596": 1,
        "801": 1,
        "965": 1,
        "982": 1,
        "TA00027": 1,
        "TA00028": 1,
        "TA00029": 1,
        "TA00030": 1,
        "TA00031": 1,
        "TA00376": 1,
        "TA00464": 1,
        "TA07478": 1,
        "TA09589": 1,
        "TA11028": 1
    },
    "NcItem-3-S1": {
        "1331": 1,
        "1335": 1,
        "1352": 1,
        "1357": 1,
        "139": 1,
        "143": 1,
        "156": 1,
        "17": 1,
        "443": 1,
        "TA00032": 1,
        "TA00033": 1,
        "TA00034": 1,
        "TA00035": 1,
        "TA00036": 1,
        "TA04911": 1
    },
    "NcItem-3-S2": {
        "10": 1,
        "1000": 1,
        "11": 1,
        "1177": 1,
        "1192": 1,
        "1371": 1,
        "28": 1,
        "3": 1,
        "301": 1,
        "424": 1,
        "615": 1,
        "TA00001": 1,
        "TA00037": 1,
        "TA00038": 1,
        "TA00039": 1,
        "TA00040": 1,
        "TA00041": 1,
        "TA00677": 1,
        "TA08017": 1,
        "TA11875": 1,
        "WARM_UP_TOOL": 1
    },
    "NcItem-3-S3": {
        "1024": 1,
        "12": 1,
        "1341": 1,
        "1342": 1,
        "1347": 1,
        "1353": 1,
        "1356": 1,
        "1359": 1,
        "142": 1,
        "143": 1,
        "146": 1,
        "159": 1,
        "2": 1,
        "27": 1,
        "3": 1,
        "30": 1,
        "4": 1,
        "5": 1,
        "572": 1,
        "6": 1,
        "871": 1,
        "873": 1,
        "TA00004": 1,
        "TA00042": 1,
        "TA00043": 1,
        "TA00044": 1,
        "TA00045": 1,
        "TA00046": 1,
        "TA08011": 1,
        "TA09589": 1
    },
    "NcItem-4-S1": {
        "TA00047": 1,
        "TA00048": 1
    },
    "NcItem-4-S2": {
        "TA00049": 1,
        "TA00050": 1,
        "TA00051": 1,
        "TA00052": 1
    },
    "NcItem-5-S1": {
        "672": 1,
        "TA00053": 1,
        "TA00054": 1,
        "TA00055": 1,
        "TA00056": 1,
        "TA00057": 1
    },
    "NcItem-5-S2": {
        "409": 1,
        "600": 1,
        "876": 1,
        "971": 1,
        "TA00058": 1,
        "TA00059": 1,
        "TA00060": 1,
        "TA00061": 1,
        "TA00062": 1
    },
    "NcItem-5-S3": {
        "1347": 1,
        "1360": 1,
        "147": 1,
        "873": 1,
        "TA00063": 1,
        "TA00064": 1,
        "TA00065": 1,
        "TA00066": 1,
        "TA00067": 1,
        "TA04481": 1,
        "TA08575": 1,
        "TA10484": 1
    },
    "NcItem-6-S1": {
        "12": 1,
        "1336": 1,
        "1354": 1,
        "1357": 1,
        "1359": 1,
        "2": 1,
        "21": 1,
        "22": 1,
        "5": 1,
        "7": 1,
        "TA00068": 1,
        "TA00069": 1,
        "TA00070": 1,
        "TA00071": 1,
        "TA00072": 1
    },
    "NcItem-6-S2": {
        "1002": 1,
        "1181": 1,
        "1182": 1,
        "1379": 1,
        "28": 1,
        "311": 1,
        "749": 1,
        "TA00019": 1,
        "TA00073": 1,
        "TA00074": 1,
        "TA00075": 1,
        "TA00076": 1,
        "TA00077": 1,
        "TA07402": 1,
        "TA11475": 1,
        "WARM_UP_TOOL": 1
    },
    "NcItem-7-S1": {
        "1023": 1,
        "1345": 1,
        "1360": 1,
        "141": 1,
        "142": 1,
        "145": 1,
        "148": 1,
        "149": 1,
        "542": 1,
        "876": 1,
        "948": 1,
        "TA00078": 1,
        "TA00079": 1,
        "TA00080": 1,
        "TA00081": 1,
        "TA00082": 1,
        "TA04911": 1,
        "TA08037": 1,
        "TA09276": 1,
        "TA10777": 1
    },
    "NcItem-7-S2": {
        "10": 1,
        "1004": 1,
        "11": 1,
        "1195": 1,
        "12": 1,
        "1356": 1,
        "1384": 1,
        "2": 1,
        "21": 1,
        "26": 1,
        "28": 1,
        "3": 1,
        "406": 1,
        "TA00083": 1,
        "TA00084": 1,
        "TA00085": 1,
        "TA00086": 1,
        "TA00087": 1,
        "TA04943": 1,
        "WARM_UP_TOOL": 1
    },
    "NcItem-7-S3": {
        "1023": 1,
        "1181": 1,
        "1192": 1,
        "1342": 1,
        "1346": 1,
        "1361": 1,
        "143": 1,
        "146": 1,
        "148": 1,
        "149": 1,
        "154": 1,
        "27": 1,
        "311": 1,
        "579": 1,
        "601": 1,
        "7": 1,
        "8": 1,
        "881": 1,
        "955": 1,
        "959": 1,
        "975": 1,
        "TA00088": 1,
        "TA00089": 1,
        "TA00090": 1,
        "TA00091": 1,
        "TA00092": 1,
        "TA01051": 1,
        "TA09594": 1,
        "TA10621": 1,
        "TA11814": 1
    },
    "NcItem-8-S1": {
        "TA00093": 1,
        "TA00094": 1
    },
    "NcItem-8-S2": {
        "TA00095": 1,
        "TA00096": 1,
        "TA00097": 1,
        "TA00098": 1
    },
    "NcItem-9-S1": {
        "TA00099": 1,
        "TA00100": 1,
        "TA00101": 1,
        "TA00102": 1,
        "TA00103": 1,
        "WARM_UP_TOOL": 1
    },
    "NcItem-9-S2": {
        "411": 1,
        "921": 1,
        "TA00036": 1,
        "TA00098": 1,
        "TA00104": 1,
        "TA00105": 1,
        "TA00106": 1,
        "TA00107": 1,
        "TA00108": 1
    },
    "NcItem-9-S3": {
        "1193": 1,
        "591": 1,
        "802": 1,
        "972": 1,
        "975": 1,
        "TA00109": 1,
        "TA00110": 1,
        "TA00111": 1,
        "TA00112": 1,
        "TA00113": 1,
        "TA00658": 1,
        "TA10591": 1
    }
}