[
    {
        "cycle": 56.36200800000001,
        "description": "IL MASU SCHEIMPFLUG FRAME",
        "item": "4022 639 8308/5",
        "mfgItem": "M004832",
        "nc": "4022_639_8308_bew2.H",
        "pa": "PA00011",
        "wc": "1200G350"
    },
    {
        "cycle": 42.73082399999999,
        "description": "IL MASU SCHEIMPFLUG FRAME",
        "item": "4022 639 8308/5",
        "mfgItem": "M004832",
        "nc": "4022_639_8308_bew3.H",
        "pa": "PA00016",
        "wc": "1200G350"
    },
    {
        "cycle": 100.458048,
        "description": "EXE WS PPL RETURN BOTTOM",
        "item": "4022 695 1196/4",
        "mfgItem": "M004643",
        "nc": "4022_695_1196_Bew2.H",
        "pa": "PA00090",
        "wc": "1200G350"
    },
    {
        "cycle": 38.21832,
        "description": "EXE WS PPL RETURN BOTTOM",
        "item": "4022 695 1196/4",
        "mfgItem": "M004643",
        "nc": "4022_695_1196_Bew3.H",
        "pa": "PA00125",
        "wc": "1200G350"
    },
    {
        "cycle": 233.692488,
        "description": "EXE WS PPL SUPPLY TOP CHAMBER",
        "item": "4022 695 1198/1",
        "mfgItem": "M003527",
        "nc": "4022_695_1198_Bew2.H",
        "pa": "PA00059",
        "wc": "1200G350"
    },
    {
        "cycle": 87.52598399999997,
        "description": "EXE WS PPL SUPPLY TOP CHAMBER",
        "item": "4022 695 1198/1",
        "mfgItem": "M003527",
        "nc": "4022_695_1198_Bew3.H",
        "pa": "PA00093",
        "wc": "1200G350"
    },
    {
        "cycle": 137.23140000000004,
        "description": "EXE WS PPL RETURN TOP CHAMBER",
        "item": "4022 695 1201/1",
        "mfgItem": "M003531",
        "nc": "4022_695_1201_Bew2.H",
        "pa": "PA00020",
        "wc": "1200G350"
    },
    {
        "cycle": 92.67671999999997,
        "description": "EXE WS PPL RETURN TOP CHAMBER",
        "item": "4022 695 1201/1",
        "mfgItem": "M003531",
        "nc": "4022_695_1201_Bew3.H",
        "pa": "PA00083",
        "wc": "1200G350"
    },
    {
        "cycle": 49.95002399999999,
        "description": "EXE WS PPL RETURN TOP EOS",
        "item": "4022 695 1202/1",
        "mfgItem": "M004640",
        "nc": "4022_695_1202_Bew3.H",
        "pa": "PA00016",
        "wc": "1200G350"
    },
    {
        "cycle": 38.057376000000005,
        "description": "EXE WS PPL RETURN TOP EOS",
        "item": "4022 695 1202/1",
        "mfgItem": "M004640",
        "nc": "4022_695_1202_Bew4.H",
        "pa": "PA00125",
        "wc": "1200G350"
    },
    {
        "cycle": 162.49759200000003,
        "description": "SPM RS ENC BR NON MAG -X",
        "item": "4022 673 6639/1",
        "mfgItem": "M003483",
        "nc": "40226736639R1_S4.H",
        "pa": "PA00000",
        "wc": "1200G350"
    },
    {
        "cycle": 93.14644799999999,
        "description": "NXE WS FORCER LEAF SPRING (UCV)",
        "item": "4022 620 0954/4",
        "mfgItem": "M003395",
        "nc": "620_0954_S2.MPF",
        "pa": "PA00033",
        "wc": "1200G350"
    },
    {
        "cycle": 221.993208,
        "description": "NXE WS FORCER SIDE LEAF SPRING (UCV)",
        "item": "4022 620 0957/4",
        "mfgItem": "M003387",
        "nc": "620_0957_S2.MPF",
        "pa": "PA00017",
        "wc": "1200G350"
    },
    {
        "cycle": 353.013216,
        "description": "NXE WS SS XY EOS",
        "item": "4022 620 1878/3",
        "mfgItem": "M000506",
        "nc": "620_1878_S2.MPF",
        "pa": "PA00018",
        "wc": "1200G350"
    },
    {
        "cycle": 235.59619199999992,
        "description": "NXE WS SS XY EOS",
        "item": "4022 620 1878/3",
        "mfgItem": "M000506",
        "nc": "620_1878_S3.MPF",
        "pa": "PA00030",
        "wc": "1200G350"
    },
    {
        "cycle": 46.13565599999999,
        "description": "NXE WS SS Z EOS 4",
        "item": "4022 620 1891/2",
        "mfgItem": "M000955",
        "nc": "620_1891_S2.MPF",
        "pa": "PA00145",
        "wc": "1200G350"
    },
    {
        "cycle": 245.27596799999992,
        "description": "MIDFRAME INTERF BLOCK",
        "item": "4022 621 3697/2",
        "mfgItem": "M003742",
        "nc": "621_3697_S2.MPF",
        "pa": "PA00046",
        "wc": "1200G350"
    },
    {
        "cycle": 156.691884,
        "description": "MIDFRAME INTERF BLOCK",
        "item": "4022 621 3697/2",
        "mfgItem": "M003742",
        "nc": "621_3697_S3.MPF",
        "pa": "PA00016",
        "wc": "1200G350"
    },
    {
        "cycle": 62.668416,
        "description": "MIDFRAME INTERF BLOCK",
        "item": "4022 621 3697/2",
        "mfgItem": "M003742",
        "nc": "621_3697_S4.MPF",
        "pa": "PA00010",
        "wc": "1200G350"
    },
    {
        "cycle": 349.815408,
        "description": "LS UV NXE DAM COOLER ASSY",
        "item": "4022 621 7597/3",
        "mfgItem": "M000658",
        "nc": "621_8319_S2.MPF",
        "pa": "PA00000",
        "wc": "1200G350"
    },
    {
        "cycle": 69.20078399999997,
        "description": "LS UV NXE DAM COOLER ASSY",
        "item": "4022 621 7597/3",
        "mfgItem": "M000658",
        "nc": "621_8319_S3.MPF",
        "pa": "PA00067",
        "wc": "1200G350"
    },
    {
        "cycle": 73.29206399999998,
        "description": "NXE WSL PPL MAIN MANIFOLD",
        "item": "4022 622 2304/2",
        "mfgItem": "M000956",
        "nc": "622_2304_S3.MPF",
        "pa": "PA00005",
        "wc": "1200G350"
    },
    {
        "cycle": 157.47724799999997,
        "description": "NXT WS MK4I PPL TOP BLOCK",
        "item": "4022 642 9975/2",
        "mfgItem": "M000281",
        "nc": "642_9975_S2.MPF",
        "pa": "PA00010",
        "wc": "1200G350"
    },
    {
        "cycle": 39.231792,
        "description": "NXE WS SS Z EOS 1",
        "item": "4022 657 4821/1",
        "mfgItem": "M000958",
        "nc": "657_4821_S2.MPF",
        "pa": "PA00004",
        "wc": "1200G350"
    },
    {
        "cycle": 46.026816,
        "description": "NXE WS SS Z EOS 2",
        "item": "4022 657 4822/1",
        "mfgItem": "M000959",
        "nc": "657_4822_S2.MPF",
        "pa": "PA00084",
        "wc": "1200G350"
    },
    {
        "cycle": 71.80427999999999,
        "description": "BT BB M100 LOCK PLATE",
        "item": "4022 660 9527/2",
        "mfgItem": "M004208",
        "nc": "660_9527_S2.MPF",
        "pa": "PA00088",
        "wc": "1200G350"
    },
    {
        "cycle": 309.13845599999996,
        "description": "LS UV MK3 DAM COOLER ASSY",
        "item": "4022 680 8014/1",
        "mfgItem": "M003499",
        "nc": "680_8018_S2.MPF",
        "pa": "PA00007",
        "wc": "1200G350"
    },
    {
        "cycle": 50.745672,
        "description": "LS UV MK3 DAM COOLER ASSY",
        "item": "4022 680 8014/1",
        "mfgItem": "M003499",
        "nc": "680_8018_S3.MPF",
        "pa": "PA00000",
        "wc": "1200G350"
    },
    {
        "cycle": 48.07212,
        "description": "TI CLIP",
        "item": "V532-74285-204-00",
        "mfgItem": "M000829",
        "nc": "74285_204_S2.MPF",
        "pa": "PA00006",
        "wc": "1200G350"
    },
    {
        "cycle": 36.848664,
        "description": "ADAPTER O2-STECKER",
        "item": "F255-76245-200-00",
        "mfgItem": "M001817",
        "nc": "76245_200_6X.MPF",
        "pa": "PA00055",
        "wc": "1200G350"
    },
    {
        "cycle": 69.09952799999999,
        "description": "ADAPTER O2-STECKER",
        "item": "F255-76245-200-00",
        "mfgItem": "M001817",
        "nc": "76245_200_S1.MPF",
        "pa": "PA00020",
        "wc": "1200G350"
    },
    {
        "cycle": 38.82571199999999,
        "description": "FTG LWR",
        "item": "V532-91113-400-00",
        "mfgItem": "M000761",
        "nc": "91113_400_S2.MPF",
        "pa": "PA00124",
        "wc": "1200G350"
    },
    {
        "cycle": 47.926728000000004,
        "description": "BRACKET-UNICORN",
        "item": "V575-92453-204-00",
        "mfgItem": "M000108",
        "nc": "92453_204_S1.MPF",
        "pa": "PA00038",
        "wc": "1200G350"
    },
    {
        "cycle": 256.809798,
        "description": "BRACKET-UNICORN",
        "item": "V575-92453-204-00",
        "mfgItem": "M000108",
        "nc": "92453_204_S2.MPF",
        "pa": "PA00142",
        "wc": "1200G350"
    },
    {
        "cycle": 77.186544,
        "description": "BRACKET-UNICORN",
        "item": "V575-92453-204-00",
        "mfgItem": "M000108",
        "nc": "92453_204_S3.MPF",
        "pa": "PA00037",
        "wc": "1200G350"
    },
    {
        "cycle": 45.623304,
        "description": "BRACKET-UNICORN",
        "item": "V575-92453-205-00",
        "mfgItem": "M001368",
        "nc": "92453_205_S1.MPF",
        "pa": "PA00033",
        "wc": "1200G350"
    },
    {
        "cycle": 139.93811999999997,
        "description": "BRACKET-UNICORN",
        "item": "V575-92453-205-00",
        "mfgItem": "M001368",
        "nc": "92453_205_S2.MPF",
        "pa": "PA00110",
        "wc": "1200G350"
    },
    {
        "cycle": 78.08447999999999,
        "description": "BRACKET-UNICORN",
        "item": "V575-92453-205-00",
        "mfgItem": "M001368",
        "nc": "92453_205_S3.MPF",
        "pa": "PA00064",
        "wc": "1200G350"
    },
    {
        "cycle": 151.75670399999998,
        "description": "BRACKET-UNICORN",
        "item": "V575-94453-200-00/C00",
        "mfgItem": "M000375",
        "nc": "94453_200_S2.MPF",
        "pa": "PA00127",
        "wc": "1200G350"
    },
    {
        "cycle": 100.77988799999997,
        "description": "BRACKET-UNICORN",
        "item": "V575-94453-200-00/C00",
        "mfgItem": "M000375",
        "nc": "94453_200_S3.MPF",
        "pa": "PA00153",
        "wc": "1200G350"
    },
    {
        "cycle": 73.14681599999997,
        "description": "BRACKET-UNICORN",
        "item": "V575-94453-201-00/C00",
        "mfgItem": "M000463",
        "nc": "94453_201_S2.MPF",
        "pa": "PA00090",
        "wc": "1200G350"
    },
    {
        "cycle": 59.622048,
        "description": "BRACKET-UNICORN",
        "item": "V575-94453-201-00/C00",
        "mfgItem": "M000463",
        "nc": "94453_201_S3.MPF",
        "pa": "PA00122",
        "wc": "1200G350"
    },
    {
        "cycle": 162.35289599999996,
        "description": "BRACKET-F/S UPR LIR-5",
        "item": "V575-94463-200-00/D00",
        "mfgItem": "M000590",
        "nc": "94463_200_S2.MPF",
        "pa": "PA00077",
        "wc": "1200G350"
    },
    {
        "cycle": 68.84486400000002,
        "description": "ATWT SS2 WATER DISTRIBUTION PLATE",
        "item": "4022 481 4721/3",
        "mfgItem": "M001268",
        "nc": "481_4721_S34.MPF",
        "pa": "PA00016",
        "wc": "1200G350"
    },
    {
        "cycle": 127.12091999999996,
        "description": "WASHER PLATE",
        "item": "4022 621 3705/2",
        "mfgItem": "M003739",
        "nc": "621_3705_S2.MPF",
        "pa": "PA00007",
        "wc": "1200G350"
    },
    {
        "cycle": 45.57585599999998,
        "description": "ANTI LOSS COVER",
        "item": "4022 621 3712/1",
        "mfgItem": "M003468",
        "nc": "621_3712_S2.MPF",
        "pa": "PA00036",
        "wc": "1200G350"
    },
    {
        "cycle": 65.17348799999999,
        "description": "XT3 SS1XY DISTRIBUTION PLATE",
        "item": "4022 631 1606/5",
        "mfgItem": "M001285",
        "nc": "631_1606_S34.MPF",
        "pa": "PA00037",
        "wc": "1200G350"
    },
    {
        "cycle": 65.31839999999998,
        "description": "XT3 SS2XY DISTRIBUTION PLATE",
        "item": "4022 631 1660/5",
        "mfgItem": "M001286",
        "nc": "631_1660_S34.MPF",
        "pa": "PA00066",
        "wc": "1200G350"
    },
    {
        "cycle": 52.33334399999999,
        "description": "ATWT SS1 WATER DISTRIBUTION PLATE",
        "item": "4022 481 4718/3",
        "mfgItem": "M001267",
        "nc": "81_4718_S34.MPF",
        "pa": "PA00038",
        "wc": "1200G350"
    },
    {
        "cycle": 369.56078399999996,
        "description": "BT BB MA BASE FRAME",
        "item": "4022 675 7327/2",
        "mfgItem": "M000744",
        "nc": "675_7327_S2.MPF",
        "pa": "PA00003",
        "wc": "1200G350"
    },
    {
        "cycle": 126.79125599999998,
        "description": "BT BB MA BASE FRAME",
        "item": "4022 675 7327/2",
        "mfgItem": "M000744",
        "nc": "675_7327_S3.MPF",
        "pa": "PA00020",
        "wc": "1200G350"
    },
    {
        "cycle": 160.997832,
        "description": "BT BB MA BASE FRAME",
        "item": "4022 675 7327/2",
        "mfgItem": "M000744",
        "nc": "675_7327_S4.MPF",
        "pa": "PA00045",
        "wc": "1200G350"
    },
    {
        "cycle": 36.526751999999995,
        "description": "BT BB MA BASE FRAME",
        "item": "4022 675 7327/2",
        "mfgItem": "M000744",
        "nc": "675_7327_S5.MPF",
        "pa": "PA00133",
        "wc": "1200G350"
    },
    {
        "cycle": 176.22854399999997,
        "description": "TI CLIP",
        "item": "V534-90548-202-00",
        "mfgItem": "M001880",
        "nc": "90548_202_S2.MPF",
        "pa": "PA00003",
        "wc": "1200G350"
    },
    {
        "cycle": 296.38495199999994,
        "description": "TI CLIP",
        "item": "V534-90548-204-00",
        "mfgItem": "M001881",
        "nc": "90548_204_S2.MPF",
        "pa": "PA00083",
        "wc": "1200G350"
    },
    {
        "cycle": 80.60207999999999,
        "description": "BRACKET-F/S LWR LIR-5",
        "item": "V575-94462-200-00/E00",
        "mfgItem": "M000377",
        "nc": "94462_200_S2.MPF",
        "pa": "PA00005",
        "wc": "1200G350"
    },
    {
        "cycle": 63.453792,
        "description": "BRACKET-F/S UPR LIR-5",
        "item": "V575-94463-200-00/D00",
        "mfgItem": "M000590",
        "nc": "94463_200_S3.MPF",
        "pa": "PA00011",
        "wc": "1200G350"
    },
    {
        "cycle": 68.77843199999998,
        "description": "WASHER PLATE",
        "item": "4022 621 3706/2",
        "mfgItem": "M003523",
        "nc": "621_3706_S2.MPF",
        "pa": "PA00106",
        "wc": "1200G350"
    },
    {
        "cycle": 70.91711999999998,
        "description": "EXE WS RCW4 SSXY ACT MANIFOLD 1",
        "item": "4022 684 3023/4",
        "mfgItem": "M004672",
        "nc": "684_3023_S2.MPF",
        "pa": "PA00109",
        "wc": "1200G350"
    },
    {
        "cycle": 61.904591999999994,
        "description": "EXE WS RCW4 SSXY ACT MANIFOLD 1",
        "item": "4022 684 3023/4",
        "mfgItem": "M004672",
        "nc": "684_3023_S3.MPF",
        "pa": "PA00047",
        "wc": "1200G350"
    },
    {
        "cycle": 38.98787999999999,
        "description": "EXE WS RCW4 SSXY ACT MANIFOLD 3",
        "item": "4022 684 3025/4",
        "mfgItem": "M004675",
        "nc": "684_3025_S2.MPF",
        "pa": "PA00051",
        "wc": "1200G350"
    },
    {
        "cycle": 61.96358399999998,
        "description": "EXE WS RCW4 SSXY ACT MANIFOLD 3",
        "item": "4022 684 3025/4",
        "mfgItem": "M004675",
        "nc": "684_3025_S3.MPF",
        "pa": "PA00085",
        "wc": "1200G350"
    },
    {
        "cycle": 60.501264000000006,
        "description": "EXE WS RCW4 SSZ MANIFOLD 1",
        "item": "4022 684 3026/2",
        "mfgItem": "M003545",
        "nc": "684_3026_S2.MPF",
        "pa": "PA00111",
        "wc": "1200G350"
    },
    {
        "cycle": 42.60139199999999,
        "description": "EXE WS RCW4 SSZ MANIFOLD 1",
        "item": "4022 684 3026/2",
        "mfgItem": "M003545",
        "nc": "684_3026_S3.MPF",
        "pa": "PA00052",
        "wc": "1200G350"
    },
    {
        "cycle": 63.334416000000004,
        "description": "EXE WS RCW4 SSZ MANIFOLD 2",
        "item": "4022 684 3027/2",
        "mfgItem": "M003546",
        "nc": "684_3027_S2.MPF",
        "pa": "PA00092",
        "wc": "1200G350"
    },
    {
        "cycle": 44.21484,
        "description": "EXE WS RCW4 SSZ MANIFOLD 2",
        "item": "4022 684 3027/2",
        "mfgItem": "M003546",
        "nc": "684_3027_S3.MPF",
        "pa": "PA00119",
        "wc": "1200G350"
    },
    {
        "cycle": 71.0208,
        "description": "EXE WS RCW4 SSZ MANIFOLD 3",
        "item": "4022 684 3028/2",
        "mfgItem": "M003547",
        "nc": "684_3028_S2.MPF",
        "pa": "PA00048",
        "wc": "1200G350"
    },
    {
        "cycle": 45.56786399999999,
        "description": "EXE WS RCW4 SSZ MANIFOLD 3",
        "item": "4022 684 3028/2",
        "mfgItem": "M003547",
        "nc": "684_3028_S3.MPF",
        "pa": "PA00039",
        "wc": "1200G350"
    },
    {
        "cycle": 41.74984799999999,
        "description": "EXE WS RCW4 SSZ MANIFOLD 4",
        "item": "4022 684 3029/2",
        "mfgItem": "M003548",
        "nc": "684_3029_S2.MPF",
        "pa": "PA00023",
        "wc": "1200G350"
    },
    {
        "cycle": 39.951215999999995,
        "description": "EXE WS RCW4 SSZ MANIFOLD 4",
        "item": "4022 684 3029/2",
        "mfgItem": "M003548",
        "nc": "684_3029_S3.MPF",
        "pa": "PA00066",
        "wc": "1200G350"
    },
    {
        "cycle": 96.020568,
        "description": "EXE WS RCW4 C2 SSXY MANIFOLD 1",
        "item": "4022 684 5603/1",
        "mfgItem": "M003819",
        "nc": "684_5603_S2.MPF",
        "pa": "PA00096",
        "wc": "1200G350"
    },
    {
        "cycle": 65.39270399999998,
        "description": "EXE WS RCW4 C2 SSXY MANIFOLD 1",
        "item": "4022 684 5603/1",
        "mfgItem": "M003819",
        "nc": "684_5603_S3.MPF",
        "pa": "PA00064",
        "wc": "1200G350"
    },
    {
        "cycle": 41.569824,
        "description": "EXE WS RCW4 C2 SSXY MANIFOLD 2",
        "item": "4022 684 5604/1",
        "mfgItem": "M003820",
        "nc": "684_5604_S2.MPF",
        "pa": "PA00099",
        "wc": "1200G350"
    },
    {
        "cycle": 63.69551999999998,
        "description": "EXE WS RCW4 C2 SSXY MANIFOLD 2",
        "item": "4022 684 5604/1",
        "mfgItem": "M003820",
        "nc": "684_5604_S3.MPF",
        "pa": "PA00026",
        "wc": "1200G350"
    },
    {
        "cycle": 76.617048,
        "description": "EXE WS RCW4 C2 SSZ MANIFOLD 1",
        "item": "4022 684 5605/1",
        "mfgItem": "M003827",
        "nc": "684_5605_S2.MPF",
        "pa": "PA00139",
        "wc": "1200G350"
    },
    {
        "cycle": 41.72508,
        "description": "EXE WS RCW4 C2 SSZ MANIFOLD 1",
        "item": "4022 684 5605/1",
        "mfgItem": "M003827",
        "nc": "684_5605_S3.MPF",
        "pa": "PA00008",
        "wc": "1200G350"
    },
    {
        "cycle": 65.65252800000002,
        "description": "EXE WS RCW4 C2 SSZ MANIFOLD 2",
        "item": "4022 684 5606/1",
        "mfgItem": "M003830",
        "nc": "684_5606_S2.MPF",
        "pa": "PA00053",
        "wc": "1200G350"
    },
    {
        "cycle": 40.708512,
        "description": "EXE WS RCW4 C2 SSZ MANIFOLD 2",
        "item": "4022 684 5606/1",
        "mfgItem": "M003830",
        "nc": "684_5606_S3.MPF",
        "pa": "PA00033",
        "wc": "1200G350"
    },
    {
        "cycle": 63.28718399999998,
        "description": "EXE WS RCW4 C2 SSZ MANIFOLD 3",
        "item": "4022 684 5607/1",
        "mfgItem": "M003840",
        "nc": "684_5607_S2.MPF",
        "pa": "PA00112",
        "wc": "1200G350"
    },
    {
        "cycle": 46.40392799999999,
        "description": "EXE WS RCW4 C2 SSZ MANIFOLD 3",
        "item": "4022 684 5607/1",
        "mfgItem": "M003840",
        "nc": "684_5607_S3.MPF",
        "pa": "PA00045",
        "wc": "1200G350"
    },
    {
        "cycle": 57.059928000000006,
        "description": "EXE WS RCW4 C2 SSXY MANIFOLD 3",
        "item": "4022 684 5622/1",
        "mfgItem": "M003842",
        "nc": "684_5622_S2.MPF",
        "pa": "PA00041",
        "wc": "1200G350"
    },
    {
        "cycle": 63.413184,
        "description": "EXE WS RCW4 C2 SSXY MANIFOLD 3",
        "item": "4022 684 5622/1",
        "mfgItem": "M003842",
        "nc": "684_5622_S3.MPF",
        "pa": "PA00041",
        "wc": "1200G350"
    }
]