{
    "40226736639R1_S4.H": {
        "MEETTASTER": 1,
        "TA00037": 1,
        "TA00045": 1,
        "TA01889": 1,
        "TA01892": 1,
        "TA04248": 1,
        "TA04431": 1,
        "TA04432": 1,
        "TA04549": 1,
        "TA04911": 1,
        "TA04916": 1,
        "TA04943": 1,
        "TA05536": 1,
        "TA05592": 1,
        "TA07840": 1,
        "TA08502": 1,
        "TA08773": 1,
        "TA09304": 1,
        "TA09594": 1,
        "TA10885": 1,
        "TA11064": 1,
        "TA11695": 1
    },
    "4022_639_8308_bew2.H": {
        "TA00045": 1,
        "TA01069": 1,
        "TA04431": 1,
        "TA04432": 1,
        "TA04943": 1,
        "TA05537": 1,
        "TA08534": 1,
        "TA09276": 1,
        "TA09594": 1,
        "TA10694": 1,
        "TA11478": 1,
        "TA11814": 1,
        "TA11841": 1,
        "TA12106": 1,
        "TA12319": 1,
        "TA12325": 1,
        "TA12412": 1,
        "TA15032": 1
    },
    "4022_639_8308_bew3.H": {
        "TA04431": 1,
        "TA04943": 1,
        "TA05417": 1,
        "TA05537": 1,
        "TA07840": 1,
        "TA11814": 1,
        "TA11841": 1,
        "TA12318": 1,
        "TA15016": 1
    },
    "4022_695_1196_Bew2.H": {
        "TA00345": 1,
        "TA00361": 1,
        "TA00487": 1,
        "TA00501": 1,
        "TA00511": 1,
        "TA00608": 1,
        "TA00958": 1,
        "TA02702": 1,
        "TA02891": 1,
        "TA03044": 1,
        "TA04431": 1,
        "TA04901": 1,
        "TA04909": 1,
        "TA04916": 1,
        "TA04943": 1,
        "TA05598": 1,
        "TA07408": 1,
        "TA07484": 1,
        "TA07493": 1,
        "TA07841": 1,
        "TA08549": 1,
        "TA08551": 1,
        "TA09466": 1,
        "TA09600": 1,
        "TA09680": 1,
        "TA09806": 1,
        "TA11028": 1,
        "TA11841": 1,
        "TA12069": 1,
        "TA12101": 1,
        "TA12253": 1,
        "TA12473": 1,
        "TA14170": 1,
        "TA15010": 1,
        "TA15032": 1,
        "TA15033": 1,
        "TA15055": 1,
        "TASTER": 1
    },
    "4022_695_1196_Bew3.H": {
        "TA03044": 1,
        "TA09585": 1,
        "TA09600": 1,
        "TA11841": 1
    },
    "4022_695_1198_Bew2.H": {
        "TA00147": 1,
        "TA00410": 1,
        "TA04394": 1,
        "TA04396": 1,
        "TA04404": 1,
        "TA04481": 1,
        "TA04901": 1,
        "TA04919": 1,
        "TA04937": 1,
        "TA04943": 1,
        "TA08815": 1,
        "TA09276": 1,
        "TA09594": 1,
        "TA09761": 1,
        "TA10484": 1,
        "TA10621": 1,
        "TA10777": 1,
        "TA11044": 1,
        "TA11541": 1,
        "TA11813": 1,
        "TA11814": 1,
        "TA11879": 1,
        "TA11915": 1,
        "TA12392": 1
    },
    "4022_695_1198_Bew3.H": {
        "TA00097": 1,
        "TA00376": 1,
        "TA01051": 1,
        "TA01057": 1,
        "TA01533": 1,
        "TA02008": 1,
        "TA04394": 1,
        "TA04400": 1,
        "TA04481": 1,
        "TA04943": 1,
        "TA08455": 1,
        "TA09589": 1,
        "TA10484": 1,
        "TA10777": 1,
        "TA11541": 1,
        "TA11813": 1,
        "TASTER": 1
    },
    "4022_695_1201_Bew2.H": {
        "TA00147": 1,
        "TA00410": 1,
        "TA04396": 1,
        "TA04404": 1,
        "TA04481": 1,
        "TA04901": 1,
        "TA04919": 1,
        "TA04937": 1,
        "TA04943": 1,
        "TA07402": 1,
        "TA08815": 1,
        "TA09276": 1,
        "TA09594": 1,
        "TA09761": 1,
        "TA10484": 1,
        "TA10621": 1,
        "TA10777": 1,
        "TA11044": 1,
        "TA11541": 1,
        "TA11588": 1,
        "TA11813": 1,
        "TA11814": 1,
        "TA11879": 1,
        "TA11915": 1,
        "TA12392": 1
    },
    "4022_695_1201_Bew3.H": {
        "TA00097": 1,
        "TA00376": 1,
        "TA01051": 1,
        "TA01533": 1,
        "TA02008": 1,
        "TA04400": 1,
        "TA04481": 1,
        "TA04943": 1,
        "TA08455": 1,
        "TA09589": 1,
        "TA10484": 1,
        "TA10777": 1,
        "TA11541": 1,
        "TA11588": 1,
        "TA11813": 1,
        "TA11915": 1,
        "TASTER": 1
    },
    "4022_695_1202_Bew3.H": {
        "TA00316": 1,
        "TA00317": 1,
        "TA04408": 1,
        "TA04943": 1,
        "TA10993": 1,
        "TA11839": 1,
        "TA14130": 1,
        "TASTER": 1
    },
    "4022_695_1202_Bew4.H": {
        "TA00316": 1,
        "TA00317": 1,
        "TA10993": 1,
        "TA11839": 1
    },
    "481_4721_S34.MPF": {
        "10": 1,
        "12": 1,
        "134": 1,
        "139": 1,
        "141": 1,
        "143": 1,
        "145": 1,
        "146": 1,
        "149": 1,
        "150": 1,
        "151": 1,
        "157": 1,
        "158": 1,
        "159": 1,
        "28": 1
    },
    "620_0954_S2.MPF": {
        "28": 1,
        "665": 1
    },
    "620_0957_S2.MPF": {
        "10": 1,
        "28": 1,
        "665": 1,
        "WARM_UP_TOOL": 1
    },
    "620_1878_S2.MPF": {
        "11": 1,
        "137": 1,
        "141": 1,
        "27": 1,
        "28": 1,
        "30": 1,
        "871": 1,
        "872": 1,
        "873": 1,
        "874": 1,
        "875": 1,
        "876": 1,
        "877": 1,
        "878": 1,
        "879": 1,
        "880": 1,
        "881": 1,
        "882": 1,
        "883": 1,
        "884": 1,
        "885": 1,
        "886": 1,
        "887": 1,
        "888": 1,
        "889": 1,
        "890": 1,
        "891": 1,
        "892": 1,
        "9": 1,
        "WARM_UP_TOOL": 1
    },
    "620_1878_S3.MPF": {
        "1193": 1,
        "1214": 1,
        "1221": 1,
        "139": 1,
        "28": 1,
        "30": 1,
        "875": 1,
        "876": 1,
        "879": 1,
        "881": 1,
        "882": 1,
        "886": 1,
        "888": 1,
        "889": 1,
        "892": 1,
        "9": 1,
        "WARM_UP_TOOL": 1
    },
    "620_1891_S2.MPF": {
        "1029": 1,
        "1031": 1,
        "28": 1,
        "5": 1,
        "WARM_UP_TOOL": 1
    },
    "621_3697_S2.MPF": {
        "1": 1,
        "10": 1,
        "11": 1,
        "1191": 1,
        "1192": 1,
        "1194": 1,
        "1195": 1,
        "1198": 1,
        "1199": 1,
        "12": 1,
        "1201": 1,
        "1202": 1,
        "1204": 1,
        "1205": 1,
        "1207": 1,
        "1210": 1,
        "1211": 1,
        "1214": 1,
        "1215": 1,
        "1216": 1,
        "1218": 1,
        "1222": 1,
        "1223": 1,
        "1225": 1,
        "15": 1,
        "16": 1,
        "2": 1,
        "26": 1,
        "27": 1,
        "28": 1,
        "3": 1,
        "4": 1,
        "WARM_UP_TOOL": 1
    },
    "621_3697_S3.MPF": {
        "1": 1,
        "10": 1,
        "1200": 1,
        "1201": 1,
        "1204": 1,
        "1206": 1,
        "1207": 1,
        "1208": 1,
        "1209": 1,
        "1212": 1,
        "1213": 1,
        "1214": 1,
        "1218": 1,
        "1219": 1,
        "1220": 1,
        "137": 1,
        "139": 1,
        "163": 1,
        "2": 1,
        "28": 1,
        "3": 1,
        "30": 1,
        "6": 1,
        "WARM_UP_TOOL": 1
    },
    "621_3697_S4.MPF": {
        "1214": 1,
        "1224": 1,
        "28": 1,
        "30": 1,
        "WARM_UP_TOOL": 1
    },
    "621_3705_S2.MPF": {
        "1284": 1,
        "1286": 1,
        "1288": 1,
        "1290": 1,
        "1293": 1,
        "27": 1,
        "28": 1,
        "3": 1,
        "30": 1,
        "4": 1,
        "8": 1,
        "WARM_UP_TOOL": 1
    },
    "621_3706_S2.MPF": {
        "10": 1,
        "1284": 1,
        "1285": 1,
        "1286": 1,
        "1289": 1,
        "1290": 1,
        "2": 1,
        "28": 1,
        "30": 1,
        "5": 1,
        "7": 1,
        "9": 1,
        "WARM_UP_TOOL": 1
    },
    "621_3712_S2.MPF": {
        "1163": 1,
        "1168": 1,
        "28": 1,
        "WARM_UP_TOOL": 1
    },
    "621_8319_S2.MPF": {
        "11": 1,
        "12": 1,
        "2": 1,
        "21": 1,
        "23": 1,
        "28": 1,
        "3": 1,
        "6": 1,
        "7": 1,
        "945": 1,
        "947": 1,
        "948": 1,
        "950": 1,
        "952": 1,
        "957": 1,
        "961": 1,
        "963": 1,
        "964": 1,
        "965": 1,
        "966": 1,
        "967": 1,
        "968": 1,
        "970": 1,
        "976": 1,
        "979": 1,
        "WARM_UP_TOOL": 1
    },
    "621_8319_S3.MPF": {
        "10": 1,
        "11": 1,
        "12": 1,
        "27": 1,
        "28": 1,
        "7": 1,
        "947": 1,
        "959": 1,
        "964": 1,
        "969": 1,
        "971": 1,
        "972": 1,
        "973": 1,
        "974": 1,
        "975": 1,
        "976": 1,
        "977": 1,
        "978": 1,
        "WARM_UP_TOOL": 1
    },
    "622_2304_S3.MPF": {
        "10": 1,
        "1045": 1,
        "1048": 1,
        "1049": 1,
        "1050": 1,
        "1053": 1,
        "1056": 1,
        "1061": 1,
        "1062": 1,
        "1064": 1,
        "1065": 1,
        "1066": 1,
        "1067": 1,
        "1068": 1,
        "1069": 1,
        "1070": 1,
        "1071": 1,
        "1072": 1,
        "1073": 1,
        "1074": 1,
        "11": 1,
        "28": 1,
        "3": 1,
        "5": 1,
        "6": 1,
        "7": 1,
        "9": 1,
        "WARM_UP_TOOL": 1
    },
    "631_1606_S34.MPF": {
        "10": 1,
        "1184": 1,
        "12": 1,
        "139": 1,
        "141": 1,
        "143": 1,
        "145": 1,
        "146": 1,
        "150": 1,
        "151": 1,
        "156": 1,
        "157": 1,
        "158": 1,
        "159": 1,
        "160": 1,
        "163": 1,
        "22": 1,
        "28": 1,
        "30": 1,
        "WARM_UP_TOOL": 1
    },
    "631_1660_S34.MPF": {
        "10": 1,
        "12": 1,
        "137": 1,
        "139": 1,
        "143": 1,
        "145": 1,
        "146": 1,
        "149": 1,
        "150": 1,
        "151": 1,
        "155": 1,
        "156": 1,
        "157": 1,
        "158": 1,
        "159": 1,
        "160": 1,
        "163": 1,
        "22": 1,
        "28": 1,
        "30": 1,
        "WARM_UP_TOOL": 1
    },
    "642_9975_S2.MPF": {
        "10": 1,
        "11": 1,
        "2": 1,
        "21": 1,
        "28": 1,
        "591": 1,
        "595": 1,
        "605": 1,
        "606": 1,
        "609": 1,
        "613": 1,
        "614": 1,
        "615": 1,
        "616": 1,
        "617": 1,
        "618": 1,
        "WARM_UP_TOOL": 1
    },
    "657_4821_S2.MPF": {
        "1031": 1,
        "28": 1,
        "5": 1,
        "WARM_UP_TOOL": 1
    },
    "657_4822_S2.MPF": {
        "1031": 1,
        "28": 1,
        "5": 1,
        "WARM_UP_TOOL": 1
    },
    "660_9527_S2.MPF": {
        "10": 1,
        "1325": 1,
        "28": 1,
        "3": 1,
        "WARM_UP_TOOL": 1
    },
    "675_7327_S2.MPF": {
        "1": 1,
        "10": 1,
        "1000": 1,
        "11": 1,
        "12": 1,
        "15": 1,
        "17": 1,
        "18": 1,
        "2": 1,
        "26": 1,
        "28": 1,
        "3": 1,
        "30": 1,
        "34": 1,
        "4": 1,
        "5": 1,
        "6": 1,
        "7": 1,
        "8": 1,
        "9": 1,
        "981": 1,
        "983": 1,
        "988": 1,
        "989": 1,
        "991": 1,
        "993": 1,
        "994": 1,
        "995": 1,
        "996": 1,
        "998": 1,
        "999": 1,
        "WARM_UP_TOOL": 1
    },
    "675_7327_S3.MPF": {
        "10": 1,
        "1001": 1,
        "1002": 1,
        "1003": 1,
        "1004": 1,
        "1005": 1,
        "13": 1,
        "1416": 1,
        "2": 1,
        "28": 1,
        "30": 1,
        "34": 1,
        "7": 1,
        "9": 1,
        "992": 1,
        "996": 1,
        "997": 1,
        "WARM_UP_TOOL": 1
    },
    "675_7327_S4.MPF": {
        "10": 1,
        "1001": 1,
        "1003": 1,
        "1006": 1,
        "1007": 1,
        "1008": 1,
        "1009": 1,
        "1010": 1,
        "1011": 1,
        "28": 1,
        "30": 1,
        "5": 1,
        "9": 1,
        "WARM_UP_TOOL": 1
    },
    "675_7327_S5.MPF": {
        "28": 1,
        "30": 1,
        "34": 1,
        "999": 1,
        "WARM_UP_TOOL": 1
    },
    "680_8018_S2.MPF": {
        "11": 1,
        "12": 1,
        "21": 1,
        "23": 1,
        "271": 1,
        "28": 1,
        "3": 1,
        "6": 1,
        "7": 1,
        "945": 1,
        "947": 1,
        "948": 1,
        "950": 1,
        "952": 1,
        "955": 1,
        "957": 1,
        "961": 1,
        "963": 1,
        "964": 1,
        "965": 1,
        "966": 1,
        "967": 1,
        "968": 1,
        "970": 1,
        "976": 1,
        "979": 1,
        "WARM_UP_TOOL": 1
    },
    "680_8018_S3.MPF": {
        "10": 1,
        "11": 1,
        "12": 1,
        "27": 1,
        "28": 1,
        "7": 1,
        "949": 1,
        "959": 1,
        "964": 1,
        "969": 1,
        "971": 1,
        "972": 1,
        "973": 1,
        "974": 1,
        "975": 1,
        "976": 1,
        "977": 1,
        "978": 1,
        "WARM_UP_TOOL": 1
    },
    "684_3023_S2.MPF": {
        "10": 1,
        "11": 1,
        "12": 1,
        "1331": 1,
        "1333": 1,
        "1335": 1,
        "1336": 1,
        "1337": 1,
        "1339": 1,
        "1342": 1,
        "1344": 1,
        "1349": 1,
        "1350": 1,
        "1352": 1,
        "1354": 1,
        "1355": 1,
        "1356": 1,
        "1359": 1,
        "1362": 1,
        "1363": 1,
        "15": 1,
        "21": 1,
        "28": 1,
        "30": 1,
        "WARM_UP_TOOL": 1
    },
    "684_3023_S3.MPF": {
        "10": 1,
        "12": 1,
        "1334": 1,
        "1335": 1,
        "1336": 1,
        "1338": 1,
        "1341": 1,
        "1342": 1,
        "1343": 1,
        "1348": 1,
        "1350": 1,
        "1353": 1,
        "1356": 1,
        "1357": 1,
        "1361": 1,
        "21": 1,
        "22": 1,
        "28": 1,
        "30": 1,
        "WARM_UP_TOOL": 1
    },
    "684_3025_S2.MPF": {
        "10": 1,
        "11": 1,
        "12": 1,
        "1331": 1,
        "1333": 1,
        "1335": 1,
        "1336": 1,
        "1337": 1,
        "1339": 1,
        "1342": 1,
        "1344": 1,
        "1349": 1,
        "1350": 1,
        "1352": 1,
        "1354": 1,
        "1355": 1,
        "1356": 1,
        "1359": 1,
        "1362": 1,
        "1363": 1,
        "15": 1,
        "21": 1,
        "28": 1,
        "30": 1
    },
    "684_3025_S3.MPF": {
        "10": 1,
        "12": 1,
        "1334": 1,
        "1335": 1,
        "1336": 1,
        "1338": 1,
        "1341": 1,
        "1342": 1,
        "1343": 1,
        "1348": 1,
        "1350": 1,
        "1353": 1,
        "1356": 1,
        "1357": 1,
        "1361": 1,
        "21": 1,
        "22": 1,
        "28": 1,
        "30": 1,
        "WARM_UP_TOOL": 1
    },
    "684_3026_S2.MPF": {
        "11": 1,
        "1332": 1,
        "1333": 1,
        "1335": 1,
        "1336": 1,
        "1339": 1,
        "1345": 1,
        "1346": 1,
        "1347": 1,
        "1350": 1,
        "1351": 1,
        "1354": 1,
        "1355": 1,
        "1356": 1,
        "1357": 1,
        "1359": 1,
        "1360": 1,
        "1362": 1,
        "21": 1,
        "28": 1,
        "WARM_UP_TOOL": 1
    },
    "684_3026_S3.MPF": {
        "11": 1,
        "12": 1,
        "1334": 1,
        "1336": 1,
        "1342": 1,
        "1352": 1,
        "1353": 1,
        "1356": 1,
        "1358": 1,
        "1361": 1,
        "22": 1,
        "28": 1
    },
    "684_3027_S2.MPF": {
        "11": 1,
        "1332": 1,
        "1333": 1,
        "1335": 1,
        "1336": 1,
        "1339": 1,
        "1345": 1,
        "1346": 1,
        "1350": 1,
        "1351": 1,
        "1354": 1,
        "1355": 1,
        "1356": 1,
        "1357": 1,
        "1359": 1,
        "1362": 1,
        "19": 1,
        "28": 1
    },
    "684_3027_S3.MPF": {
        "11": 1,
        "12": 1,
        "1334": 1,
        "1336": 1,
        "1342": 1,
        "1352": 1,
        "1353": 1,
        "1356": 1,
        "1357": 1,
        "1358": 1,
        "1361": 1,
        "21": 1,
        "22": 1,
        "28": 1,
        "64": 1,
        "WARM_UP_TOOL": 1
    },
    "684_3028_S2.MPF": {
        "11": 1,
        "1332": 1,
        "1333": 1,
        "1335": 1,
        "1336": 1,
        "1339": 1,
        "1340": 1,
        "1344": 1,
        "1345": 1,
        "1346": 1,
        "1347": 1,
        "1350": 1,
        "1351": 1,
        "1354": 1,
        "1355": 1,
        "1356": 1,
        "1357": 1,
        "1359": 1,
        "1360": 1,
        "1362": 1,
        "19": 1,
        "21": 1,
        "28": 1
    },
    "684_3028_S3.MPF": {
        "11": 1,
        "12": 1,
        "1334": 1,
        "1336": 1,
        "1342": 1,
        "1352": 1,
        "1353": 1,
        "1356": 1,
        "1357": 1,
        "1358": 1,
        "1361": 1,
        "22": 1,
        "28": 1,
        "WARM_UP_TOOL": 1
    },
    "684_3029_S2.MPF": {
        "11": 1,
        "1332": 1,
        "1333": 1,
        "1335": 1,
        "1336": 1,
        "1339": 1,
        "1345": 1,
        "1346": 1,
        "1347": 1,
        "1350": 1,
        "1351": 1,
        "1354": 1,
        "1355": 1,
        "1356": 1,
        "1357": 1,
        "1359": 1,
        "1360": 1,
        "1362": 1,
        "19": 1,
        "21": 1,
        "28": 1,
        "WARM_UP_TOOL": 1
    },
    "684_3029_S3.MPF": {
        "11": 1,
        "12": 1,
        "1334": 1,
        "1336": 1,
        "1342": 1,
        "1352": 1,
        "1353": 1,
        "1356": 1,
        "1357": 1,
        "1358": 1,
        "1361": 1,
        "22": 1,
        "28": 1
    },
    "684_5603_S2.MPF": {
        "10": 1,
        "11": 1,
        "12": 1,
        "1331": 1,
        "1333": 1,
        "1334": 1,
        "1335": 1,
        "1336": 1,
        "1337": 1,
        "1339": 1,
        "1342": 1,
        "1344": 1,
        "1349": 1,
        "1350": 1,
        "1352": 1,
        "1354": 1,
        "1355": 1,
        "1356": 1,
        "1359": 1,
        "1362": 1,
        "1363": 1,
        "15": 1,
        "21": 1,
        "28": 1,
        "30": 1,
        "WARM_UP_TOOL": 1
    },
    "684_5603_S3.MPF": {
        "10": 1,
        "12": 1,
        "1334": 1,
        "1335": 1,
        "1336": 1,
        "1338": 1,
        "1341": 1,
        "1342": 1,
        "1343": 1,
        "1348": 1,
        "1350": 1,
        "1353": 1,
        "1356": 1,
        "1357": 1,
        "1361": 1,
        "21": 1,
        "22": 1,
        "28": 1,
        "30": 1,
        "WARM_UP_TOOL": 1
    },
    "684_5604_S2.MPF": {
        "10": 1,
        "11": 1,
        "12": 1,
        "1331": 1,
        "1333": 1,
        "1335": 1,
        "1336": 1,
        "1337": 1,
        "1339": 1,
        "1342": 1,
        "1344": 1,
        "1349": 1,
        "1350": 1,
        "1352": 1,
        "1354": 1,
        "1355": 1,
        "1356": 1,
        "1359": 1,
        "1362": 1,
        "1363": 1,
        "15": 1,
        "21": 1,
        "28": 1,
        "30": 1,
        "WARM_UP_TOOL": 1
    },
    "684_5604_S3.MPF": {
        "10": 1,
        "12": 1,
        "1334": 1,
        "1335": 1,
        "1336": 1,
        "1338": 1,
        "1341": 1,
        "1342": 1,
        "1343": 1,
        "1348": 1,
        "1350": 1,
        "1353": 1,
        "1356": 1,
        "1357": 1,
        "1361": 1,
        "21": 1,
        "22": 1,
        "28": 1,
        "3": 1,
        "30": 1,
        "WARM_UP_TOOL": 1
    },
    "684_5605_S2.MPF": {
        "11": 1,
        "1332": 1,
        "1333": 1,
        "1335": 1,
        "1336": 1,
        "1339": 1,
        "1345": 1,
        "1346": 1,
        "1347": 1,
        "1350": 1,
        "1351": 1,
        "1354": 1,
        "1355": 1,
        "1356": 1,
        "1357": 1,
        "1359": 1,
        "1360": 1,
        "1362": 1,
        "19": 1,
        "21": 1,
        "28": 1,
        "WARM_UP_TOOL": 1
    },
    "684_5605_S3.MPF": {
        "11": 1,
        "12": 1,
        "1334": 1,
        "1336": 1,
        "1342": 1,
        "1352": 1,
        "1353": 1,
        "1356": 1,
        "1357": 1,
        "1358": 1,
        "1361": 1,
        "22": 1,
        "28": 1
    },
    "684_5606_S2.MPF": {
        "11": 1,
        "1332": 1,
        "1333": 1,
        "1335": 1,
        "1336": 1,
        "1339": 1,
        "1345": 1,
        "1346": 1,
        "1347": 1,
        "1350": 1,
        "1351": 1,
        "1354": 1,
        "1355": 1,
        "1356": 1,
        "1357": 1,
        "1359": 1,
        "1360": 1,
        "1362": 1,
        "19": 1,
        "21": 1,
        "28": 1,
        "WARM_UP_TOOL": 1
    },
    "684_5606_S3.MPF": {
        "11": 1,
        "12": 1,
        "1334": 1,
        "1336": 1,
        "1342": 1,
        "1352": 1,
        "1353": 1,
        "1356": 1,
        "1357": 1,
        "1358": 1,
        "1361": 1,
        "22": 1,
        "28": 1,
        "WARM_UP_TOOL": 1
    },
    "684_5607_S2.MPF": {
        "11": 1,
        "1332": 1,
        "1333": 1,
        "1335": 1,
        "1336": 1,
        "1339": 1,
        "1345": 1,
        "1346": 1,
        "1350": 1,
        "1351": 1,
        "1354": 1,
        "1355": 1,
        "1356": 1,
        "1357": 1,
        "1359": 1,
        "1362": 1,
        "19": 1,
        "28": 1,
        "WARM_UP_TOOL": 1
    },
    "684_5607_S3.MPF": {
        "11": 1,
        "12": 1,
        "1334": 1,
        "1336": 1,
        "1342": 1,
        "1352": 1,
        "1353": 1,
        "1356": 1,
        "1357": 1,
        "1358": 1,
        "1361": 1,
        "21": 1,
        "22": 1,
        "28": 1,
        "WARM_UP_TOOL": 1
    },
    "684_5622_S2.MPF": {
        "10": 1,
        "11": 1,
        "12": 1,
        "1331": 1,
        "1333": 1,
        "1335": 1,
        "1336": 1,
        "1337": 1,
        "1339": 1,
        "1342": 1,
        "1344": 1,
        "1349": 1,
        "1350": 1,
        "1352": 1,
        "1354": 1,
        "1355": 1,
        "1356": 1,
        "1359": 1,
        "1362": 1,
        "1363": 1,
        "15": 1,
        "21": 1,
        "28": 1,
        "30": 1,
        "WARM_UP_TOOL": 1
    },
    "684_5622_S3.MPF": {
        "10": 1,
        "12": 1,
        "1334": 1,
        "1335": 1,
        "1336": 1,
        "1338": 1,
        "1341": 1,
        "1342": 1,
        "1343": 1,
        "1348": 1,
        "1350": 1,
        "1353": 1,
        "1356": 1,
        "1357": 1,
        "1361": 1,
        "21": 1,
        "22": 1,
        "28": 1,
        "30": 1,
        "WARM_UP_TOOL": 1
    },
    "74285_204_S2.MPF": {
        "10": 1,
        "180": 1,
        "181": 1,
        "28": 1,
        "WARM_UP_TOOL": 1
    },
    "76245_200_6X.MPF": {
        "10": 1,
        "28": 1,
        "4": 1,
        "750": 1,
        "751": 1,
        "WARM_UP_TOOL": 1
    },
    "76245_200_S1.MPF": {
        "1": 1,
        "10": 1,
        "12": 1,
        "13": 1,
        "2": 1,
        "28": 1,
        "3": 1,
        "4": 1,
        "741": 1,
        "742": 1,
        "743": 1,
        "744": 1,
        "745": 1,
        "746": 1,
        "747": 1,
        "748": 1,
        "749": 1,
        "WARM_UP_TOOL": 1
    },
    "81_4718_S34.MPF": {
        "10": 1,
        "12": 1,
        "135": 1,
        "139": 1,
        "141": 1,
        "143": 1,
        "145": 1,
        "146": 1,
        "149": 1,
        "151": 1,
        "157": 1,
        "158": 1,
        "159": 1,
        "163": 1,
        "28": 1,
        "WARM_UP_TOOL": 1
    },
    "90548_202_S2.MPF": {
        "10": 1,
        "12": 1,
        "28": 1,
        "3": 1,
        "427": 1,
        "428": 1,
        "429": 1,
        "430": 1,
        "431": 1,
        "433": 1,
        "WARM_UP_TOOL": 1
    },
    "90548_204_S2.MPF": {
        "28": 1,
        "30": 1,
        "402": 1,
        "406": 1,
        "409": 1,
        "410": 1,
        "412": 1,
        "413": 1,
        "9": 1,
        "WARM_UP_TOOL": 1
    },
    "91113_400_S2.MPF": {
        "10": 1,
        "273": 1,
        "28": 1,
        "5": 1,
        "9": 1,
        "WARM_UP_TOOL": 1
    },
    "92453_204_S1.MPF": {
        "28": 1,
        "541": 1,
        "542": 1,
        "WARM_UP_TOOL": 1
    },
    "92453_204_S2.MPF": {
        "28": 1,
        "3": 1,
        "543": 1,
        "544": 1,
        "546": 1,
        "548": 1,
        "549": 1,
        "550": 1,
        "WARM_UP_TOOL": 1
    },
    "92453_204_S3.MPF": {
        "28": 1,
        "543": 1,
        "545": 1,
        "549": 1,
        "550": 1,
        "WARM_UP_TOOL": 1
    },
    "92453_205_S1.MPF": {
        "28": 1,
        "541": 1,
        "542": 1,
        "WARM_UP_TOOL": 1
    },
    "92453_205_S2.MPF": {
        "28": 1,
        "3": 1,
        "543": 1,
        "544": 1,
        "546": 1,
        "548": 1,
        "549": 1,
        "550": 1,
        "WARM_UP_TOOL": 1
    },
    "92453_205_S3.MPF": {
        "28": 1,
        "3": 1,
        "543": 1,
        "545": 1,
        "549": 1,
        "550": 1,
        "WARM_UP_TOOL": 1
    },
    "94453_200_S2.MPF": {
        "10": 1,
        "11": 1,
        "14": 1,
        "2": 1,
        "26": 1,
        "28": 1,
        "3": 1,
        "441": 1,
        "442": 1,
        "443": 1,
        "444": 1,
        "445": 1,
        "446": 1,
        "448": 1,
        "5": 1,
        "8": 1,
        "WARM_UP_TOOL": 1
    },
    "94453_200_S3.MPF": {
        "10": 1,
        "2": 1,
        "28": 1,
        "443": 1,
        "449": 1,
        "WARM_UP_TOOL": 1
    },
    "94453_201_S2.MPF": {
        "10": 1,
        "14": 1,
        "2": 1,
        "26": 1,
        "28": 1,
        "3": 1,
        "441": 1,
        "442": 1,
        "443": 1,
        "444": 1,
        "445": 1,
        "446": 1,
        "448": 1,
        "5": 1,
        "8": 1,
        "WARM_UP_TOOL": 1
    },
    "94453_201_S3.MPF": {
        "10": 1,
        "28": 1,
        "443": 1,
        "449": 1,
        "WARM_UP_TOOL": 1
    },
    "94462_200_S2.MPF": {
        "10": 1,
        "26": 1,
        "28": 1,
        "3": 1,
        "798": 1,
        "801": 1,
        "WARM_UP_TOOL": 1
    },
    "94463_200_S2.MPF": {
        "1": 1,
        "10": 1,
        "11": 1,
        "12": 1,
        "14": 1,
        "17": 1,
        "28": 1,
        "3": 1,
        "793": 1,
        "796": 1,
        "800": 1,
        "802": 1,
        "803": 1,
        "WARM_UP_TOOL": 1
    },
    "94463_200_S3.MPF": {
        "10": 1,
        "28": 1,
        "792": 1,
        "794": 1,
        "797": 1,
        "798": 1,
        "799": 1,
        "802": 1,
        "WARM_UP_TOOL": 1
    }
}