[
    {
        "cycle": 40.93008,
        "description": "IL MASU SCHEIMPFLUG FRAME",
        "item": "4022 639 8308/5",
        "mfgItem": "M004832",
        "nc": "4022_639_8308_bew1.H",
        "pa": "PA00020",
        "wc": "1200G350"
    },
    {
        "cycle": 46.96834000000001,
        "description": "IL MASU SCHEIMPFLUG FRAME",
        "item": "4022 639 8308/5",
        "mfgItem": "M004832",
        "nc": "4022_639_8308_bew2.H",
        "pa": "PA00011",
        "wc": "1200G350"
    },
    {
        "cycle": 35.609019999999994,
        "description": "IL MASU SCHEIMPFLUG FRAME",
        "item": "4022 639 8308/5",
        "mfgItem": "M004832",
        "nc": "4022_639_8308_bew3.H",
        "pa": "PA00016",
        "wc": "1200G350"
    },
    {
        "cycle": 30.335519999999995,
        "description": "EXE WS PPL RETURN BOTTOM",
        "item": "4022 695 1196/4",
        "mfgItem": "M004643",
        "nc": "4022_695_1196_Bew1.H",
        "pa": "PA00115",
        "wc": "1200G350"
    },
    {
        "cycle": 83.71504,
        "description": "EXE WS PPL RETURN BOTTOM",
        "item": "4022 695 1196/4",
        "mfgItem": "M004643",
        "nc": "4022_695_1196_Bew2.H",
        "pa": "PA00090",
        "wc": "1200G350"
    },
    {
        "cycle": 31.8486,
        "description": "EXE WS PPL RETURN BOTTOM",
        "item": "4022 695 1196/4",
        "mfgItem": "M004643",
        "nc": "4022_695_1196_Bew3.H",
        "pa": "PA00125",
        "wc": "1200G350"
    },
    {
        "cycle": 45.19744000000001,
        "description": "EXE WS PPL SUPPLY TOP CHAMBER",
        "item": "4022 695 1198/1",
        "mfgItem": "M003527",
        "nc": "4022_695_1198_Bew1.H",
        "pa": "PA00068",
        "wc": "1200G350"
    },
    {
        "cycle": 194.74374,
        "description": "EXE WS PPL SUPPLY TOP CHAMBER",
        "item": "4022 695 1198/1",
        "mfgItem": "M003527",
        "nc": "4022_695_1198_Bew2.H",
        "pa": "PA00059",
        "wc": "1200G350"
    },
    {
        "cycle": 72.93831999999998,
        "description": "EXE WS PPL SUPPLY TOP CHAMBER",
        "item": "4022 695 1198/1",
        "mfgItem": "M003527",
        "nc": "4022_695_1198_Bew3.H",
        "pa": "PA00093",
        "wc": "1200G350"
    },
    {
        "cycle": 41.09754000000001,
        "description": "EXE WS PPL RETURN TOP CHAMBER",
        "item": "4022 695 1201/1",
        "mfgItem": "M003531",
        "nc": "4022_695_1201_Bew1.H",
        "pa": "PA00088",
        "wc": "1200G350"
    },
    {
        "cycle": 114.35950000000003,
        "description": "EXE WS PPL RETURN TOP CHAMBER",
        "item": "4022 695 1201/1",
        "mfgItem": "M003531",
        "nc": "4022_695_1201_Bew2.H",
        "pa": "PA00020",
        "wc": "1200G350"
    },
    {
        "cycle": 77.23059999999998,
        "description": "EXE WS PPL RETURN TOP CHAMBER",
        "item": "4022 695 1201/1",
        "mfgItem": "M003531",
        "nc": "4022_695_1201_Bew3.H",
        "pa": "PA00083",
        "wc": "1200G350"
    },
    {
        "cycle": 70.1432,
        "description": "EXE WS PPL RETURN TOP EOS",
        "item": "4022 695 1202/1",
        "mfgItem": "M004640",
        "nc": "4022_695_1202_Bew2.H",
        "pa": "PA00004",
        "wc": "1200G350"
    },
    {
        "cycle": 41.62501999999999,
        "description": "EXE WS PPL RETURN TOP EOS",
        "item": "4022 695 1202/1",
        "mfgItem": "M004640",
        "nc": "4022_695_1202_Bew3.H",
        "pa": "PA00016",
        "wc": "1200G350"
    },
    {
        "cycle": 31.714480000000005,
        "description": "EXE WS PPL RETURN TOP EOS",
        "item": "4022 695 1202/1",
        "mfgItem": "M004640",
        "nc": "4022_695_1202_Bew4.H",
        "pa": "PA00125",
        "wc": "1200G350"
    },
    {
        "cycle": 303.072075,
        "description": "PALLET GROB 350  (CL-T.18.40.400)",
        "item": "CT18000-01/B",
        "mfgItem": "M004123",
        "nc": "CL-T_18_40_400_Bew1.H",
        "pa": "PA00128",
        "wc": "1200G350"
    },
    {
        "cycle": 34.2604,
        "description": "REWORK BP SLM500",
        "item": "E036560/A",
        "mfgItem": "M004780",
        "nc": "E036560_Bew1.H",
        "pa": "PA00141",
        "wc": "1200G350"
    },
    {
        "cycle": 31.583960000000005,
        "description": "RACK-RIEGEL-6X50",
        "item": "4380 101 09",
        "mfgItem": "M000165",
        "nc": "4380_101_09_Bew3.H",
        "pa": "PA00032",
        "wc": "1200G350"
    },
    {
        "cycle": 35.87678,
        "description": "NEIGUNGSBOGEN 1 MIT NASE",
        "item": "6605 8311/02",
        "mfgItem": "M000306",
        "nc": "6605_8301_8311_Bew2.H",
        "pa": "PA00021",
        "wc": "1200G350"
    },
    {
        "cycle": 31.164359999999995,
        "description": "RIPPE 3",
        "item": "D575-73320-200-00",
        "mfgItem": "M002467",
        "nc": "D575_73320_200_00_Bew1.H",
        "pa": "PA00147",
        "wc": "1200G350"
    },
    {
        "cycle": 58.051759999999994,
        "description": "RIPPE 3",
        "item": "D575-73320-201-00",
        "mfgItem": "M002545",
        "nc": "D575_73320_201_00_Bew1.H",
        "pa": "PA00015",
        "wc": "1200G350"
    },
    {
        "cycle": 37.8964,
        "description": "BOX ADAPTER TRIAX, 0 DEG POSN'R",
        "item": "105-514/H",
        "mfgItem": "M001738",
        "nc": "105_514_bew1.H",
        "pa": "PA00125",
        "wc": "1200G350"
    },
    {
        "cycle": 52.097179999999994,
        "description": "RIEGEL",
        "item": "F536-71083-212-00",
        "mfgItem": "M003951",
        "nc": "71083_212_RFS1.H",
        "pa": "PA00080",
        "wc": "1200G350"
    },
    {
        "cycle": 94.83404,
        "description": "SCHNITTSTELLE GELENKMODUL RECHTS",
        "item": "6605 5591/08",
        "mfgItem": "M000047",
        "nc": "6605_5591_bew1.H",
        "pa": "PA00056",
        "wc": "1200G350"
    },
    {
        "cycle": 90.35942000000001,
        "description": "SPM RS ENC BR NON MAG -X",
        "item": "4022 673 6639/1",
        "mfgItem": "M003483",
        "nc": "40226736639R1_S2.H",
        "pa": "PA00123",
        "wc": "1200G350"
    },
    {
        "cycle": 135.41466000000003,
        "description": "SPM RS ENC BR NON MAG -X",
        "item": "4022 673 6639/1",
        "mfgItem": "M003483",
        "nc": "40226736639R1_S4.H",
        "pa": "PA00000",
        "wc": "1200G350"
    },
    {
        "cycle": 70.0791,
        "description": "EUV WTC COVER",
        "item": "4022 697 3440/1",
        "mfgItem": "M004156",
        "nc": "697_3440_2_S2.H",
        "pa": "PA00120",
        "wc": "1200G350"
    },
    {
        "cycle": 47.806039999999996,
        "description": "NXE WS FORCER LEAF SPRING (UCV)",
        "item": "4022 620 0954/4",
        "mfgItem": "M003395",
        "nc": "620_0954_S1.MPF",
        "pa": "PA00133",
        "wc": "1200G350"
    },
    {
        "cycle": 77.62204,
        "description": "NXE WS FORCER LEAF SPRING (UCV)",
        "item": "4022 620 0954/4",
        "mfgItem": "M003395",
        "nc": "620_0954_S2.MPF",
        "pa": "PA00033",
        "wc": "1200G350"
    },
    {
        "cycle": 63.21488,
        "description": "NXE WS FORCER SIDE LEAF SPRING (UCV)",
        "item": "4022 620 0957/4",
        "mfgItem": "M003387",
        "nc": "620_0957_S1.MPF",
        "pa": "PA00061",
        "wc": "1200G350"
    },
    {
        "cycle": 184.99434000000002,
        "description": "NXE WS FORCER SIDE LEAF SPRING (UCV)",
        "item": "4022 620 0957/4",
        "mfgItem": "M003387",
        "nc": "620_0957_S2.MPF",
        "pa": "PA00017",
        "wc": "1200G350"
    },
    {
        "cycle": 56.50987999999999,
        "description": "NXE WS SS XY EOS",
        "item": "4022 620 1878/3",
        "mfgItem": "M000506",
        "nc": "620_1878_S1.MPF",
        "pa": "PA00103",
        "wc": "1200G350"
    },
    {
        "cycle": 294.17768,
        "description": "NXE WS SS XY EOS",
        "item": "4022 620 1878/3",
        "mfgItem": "M000506",
        "nc": "620_1878_S2.MPF",
        "pa": "PA00018",
        "wc": "1200G350"
    },
    {
        "cycle": 196.33015999999995,
        "description": "NXE WS SS XY EOS",
        "item": "4022 620 1878/3",
        "mfgItem": "M000506",
        "nc": "620_1878_S3.MPF",
        "pa": "PA00030",
        "wc": "1200G350"
    },
    {
        "cycle": 101.70984,
        "description": "NXE WS SS Z EOS 4",
        "item": "4022 620 1891/2",
        "mfgItem": "M000955",
        "nc": "620_1891_S1.MPF",
        "pa": "PA00105",
        "wc": "1200G350"
    },
    {
        "cycle": 38.44637999999999,
        "description": "NXE WS SS Z EOS 4",
        "item": "4022 620 1891/2",
        "mfgItem": "M000955",
        "nc": "620_1891_S2.MPF",
        "pa": "PA00145",
        "wc": "1200G350"
    },
    {
        "cycle": 234.93758000000003,
        "description": "MIDFRAME INTERF BLOCK",
        "item": "4022 621 3697/2",
        "mfgItem": "M003742",
        "nc": "621_3697_S1.MPF",
        "pa": "PA00035",
        "wc": "1200G350"
    },
    {
        "cycle": 204.39663999999993,
        "description": "MIDFRAME INTERF BLOCK",
        "item": "4022 621 3697/2",
        "mfgItem": "M003742",
        "nc": "621_3697_S2.MPF",
        "pa": "PA00046",
        "wc": "1200G350"
    },
    {
        "cycle": 130.57657,
        "description": "MIDFRAME INTERF BLOCK",
        "item": "4022 621 3697/2",
        "mfgItem": "M003742",
        "nc": "621_3697_S3.MPF",
        "pa": "PA00016",
        "wc": "1200G350"
    },
    {
        "cycle": 52.22368,
        "description": "MIDFRAME INTERF BLOCK",
        "item": "4022 621 3697/2",
        "mfgItem": "M003742",
        "nc": "621_3697_S4.MPF",
        "pa": "PA00010",
        "wc": "1200G350"
    },
    {
        "cycle": 405.46747999999997,
        "description": "LS UV NXE DAM COOLER ASSY",
        "item": "4022 621 7597/3",
        "mfgItem": "M000658",
        "nc": "621_8319_S1.MPF",
        "pa": "PA00020",
        "wc": "1200G350"
    },
    {
        "cycle": 291.51284,
        "description": "LS UV NXE DAM COOLER ASSY",
        "item": "4022 621 7597/3",
        "mfgItem": "M000658",
        "nc": "621_8319_S2.MPF",
        "pa": "PA00000",
        "wc": "1200G350"
    },
    {
        "cycle": 57.66731999999998,
        "description": "LS UV NXE DAM COOLER ASSY",
        "item": "4022 621 7597/3",
        "mfgItem": "M000658",
        "nc": "621_8319_S3.MPF",
        "pa": "PA00067",
        "wc": "1200G350"
    },
    {
        "cycle": 161.48873999999995,
        "description": "NXE WSL PPL MAIN MANIFOLD",
        "item": "4022 622 2304/2",
        "mfgItem": "M000956",
        "nc": "622_2304_S2.MPF",
        "pa": "PA00092",
        "wc": "1200G350"
    },
    {
        "cycle": 61.07671999999999,
        "description": "NXE WSL PPL MAIN MANIFOLD",
        "item": "4022 622 2304/2",
        "mfgItem": "M000956",
        "nc": "622_2304_S3.MPF",
        "pa": "PA00005",
        "wc": "1200G350"
    },
    {
        "cycle": 116.17012,
        "description": "NXT WS MK4I PPL BOTTOM BLOCK",
        "item": "4022 642 9957/2",
        "mfgItem": "M000280",
        "nc": "642_9957_S1.MPF",
        "pa": "PA00070",
        "wc": "1200G350"
    },
    {
        "cycle": 344.28723999999994,
        "description": "NXT WS MK4I PPL TOP BLOCK",
        "item": "4022 642 9975/2",
        "mfgItem": "M000281",
        "nc": "642_9975_S1.MPF",
        "pa": "PA00044",
        "wc": "1200G350"
    },
    {
        "cycle": 131.23103999999998,
        "description": "NXT WS MK4I PPL TOP BLOCK",
        "item": "4022 642 9975/2",
        "mfgItem": "M000281",
        "nc": "642_9975_S2.MPF",
        "pa": "PA00010",
        "wc": "1200G350"
    },
    {
        "cycle": 72.96192,
        "description": "NXE WS SS Z EOS 1",
        "item": "4022 657 4821/1",
        "mfgItem": "M000958",
        "nc": "657_4821_S1.MPF",
        "pa": "PA00116",
        "wc": "1200G350"
    },
    {
        "cycle": 32.69316,
        "description": "NXE WS SS Z EOS 1",
        "item": "4022 657 4821/1",
        "mfgItem": "M000958",
        "nc": "657_4821_S2.MPF",
        "pa": "PA00004",
        "wc": "1200G350"
    },
    {
        "cycle": 153.07922,
        "description": "NXE WS SS Z EOS 2",
        "item": "4022 657 4822/1",
        "mfgItem": "M000959",
        "nc": "657_4822_S1.MPF",
        "pa": "PA00035",
        "wc": "1200G350"
    },
    {
        "cycle": 38.35568,
        "description": "NXE WS SS Z EOS 2",
        "item": "4022 657 4822/1",
        "mfgItem": "M000959",
        "nc": "657_4822_S2.MPF",
        "pa": "PA00084",
        "wc": "1200G350"
    },
    {
        "cycle": 153.73572,
        "description": "BT BB M100 LOCK PLATE",
        "item": "4022 660 9527/2",
        "mfgItem": "M004208",
        "nc": "660_9527_S1.MPF",
        "pa": "PA00119",
        "wc": "1200G350"
    },
    {
        "cycle": 59.8369,
        "description": "BT BB M100 LOCK PLATE",
        "item": "4022 660 9527/2",
        "mfgItem": "M004208",
        "nc": "660_9527_S2.MPF",
        "pa": "PA00088",
        "wc": "1200G350"
    },
    {
        "cycle": 55.066320000000005,
        "description": "TDM ARM SUPPORT",
        "item": "4022 673 3345/2",
        "mfgItem": "M000575",
        "nc": "673_3345_S1.MPF",
        "pa": "PA00074",
        "wc": "1200G350"
    },
    {
        "cycle": 256.89238000000006,
        "description": "LS UV MK3 DAM COOLER ASSY",
        "item": "4022 680 8014/1",
        "mfgItem": "M003499",
        "nc": "680_8018_S1.MPF",
        "pa": "PA00030",
        "wc": "1200G350"
    },
    {
        "cycle": 257.61537999999996,
        "description": "LS UV MK3 DAM COOLER ASSY",
        "item": "4022 680 8014/1",
        "mfgItem": "M003499",
        "nc": "680_8018_S2.MPF",
        "pa": "PA00007",
        "wc": "1200G350"
    },
    {
        "cycle": 42.28806,
        "description": "LS UV MK3 DAM COOLER ASSY",
        "item": "4022 680 8014/1",
        "mfgItem": "M003499",
        "nc": "680_8018_S3.MPF",
        "pa": "PA00000",
        "wc": "1200G350"
    },
    {
        "cycle": 54.754220000000004,
        "description": "[MC] BUFFER PLATE",
        "item": "721-00135/00",
        "mfgItem": "M001634",
        "nc": "721_00135_S1.MPF",
        "pa": "PA00047",
        "wc": "1200G350"
    },
    {
        "cycle": 324.44712,
        "description": "HAKEN 2,3,4",
        "item": "F575-73125-202-00",
        "mfgItem": "M001820",
        "nc": "73125_202_S1.MPF",
        "pa": "PA00030",
        "wc": "1200G350"
    },
    {
        "cycle": 57.92348,
        "description": "TI CLIP",
        "item": "V532-74285-204-00",
        "mfgItem": "M000829",
        "nc": "74285_204_S1.MPF",
        "pa": "PA00084",
        "wc": "1200G350"
    },
    {
        "cycle": 40.0601,
        "description": "TI CLIP",
        "item": "V532-74285-204-00",
        "mfgItem": "M000829",
        "nc": "74285_204_S2.MPF",
        "pa": "PA00006",
        "wc": "1200G350"
    },
    {
        "cycle": 218.00633999999994,
        "description": "ZAHNPLATTE MIT ZAPFEN",
        "item": "D534-75958-200-00/A",
        "mfgItem": "M000132",
        "nc": "75958_200_S1.MPF",
        "pa": "PA00024",
        "wc": "1200G350"
    },
    {
        "cycle": 32.686479999999996,
        "description": "ADAPTER O2-STECKER",
        "item": "F255-76245-200-00",
        "mfgItem": "M001817",
        "nc": "76245_200_1X.MPF",
        "pa": "PA00074",
        "wc": "1200G350"
    },
    {
        "cycle": 30.707220000000003,
        "description": "ADAPTER O2-STECKER",
        "item": "F255-76245-200-00",
        "mfgItem": "M001817",
        "nc": "76245_200_6X.MPF",
        "pa": "PA00055",
        "wc": "1200G350"
    },
    {
        "cycle": 57.582939999999994,
        "description": "ADAPTER O2-STECKER",
        "item": "F255-76245-200-00",
        "mfgItem": "M001817",
        "nc": "76245_200_S1.MPF",
        "pa": "PA00020",
        "wc": "1200G350"
    },
    {
        "cycle": 54.66076,
        "description": "FTG LWR",
        "item": "V532-91113-400-00",
        "mfgItem": "M000761",
        "nc": "91113_400_S1.MPF",
        "pa": "PA00033",
        "wc": "1200G350"
    },
    {
        "cycle": 32.35475999999999,
        "description": "FTG LWR",
        "item": "V532-91113-400-00",
        "mfgItem": "M000761",
        "nc": "91113_400_S2.MPF",
        "pa": "PA00124",
        "wc": "1200G350"
    },
    {
        "cycle": 115.51844,
        "description": "FTG LWR",
        "item": "V532-91113-402-00",
        "mfgItem": "M000762",
        "nc": "91113_402_S1.MPF",
        "pa": "PA00154",
        "wc": "1200G350"
    },
    {
        "cycle": 77.37208,
        "description": "BRACKET-UNICORN",
        "item": "V575-92453-204-00",
        "mfgItem": "M000108",
        "nc": "92453_204_S0.MPF",
        "pa": "PA00031",
        "wc": "1200G350"
    },
    {
        "cycle": 39.93894,
        "description": "BRACKET-UNICORN",
        "item": "V575-92453-204-00",
        "mfgItem": "M000108",
        "nc": "92453_204_S1.MPF",
        "pa": "PA00038",
        "wc": "1200G350"
    },
    {
        "cycle": 214.00816500000002,
        "description": "BRACKET-UNICORN",
        "item": "V575-92453-204-00",
        "mfgItem": "M000108",
        "nc": "92453_204_S2.MPF",
        "pa": "PA00142",
        "wc": "1200G350"
    },
    {
        "cycle": 64.32212,
        "description": "BRACKET-UNICORN",
        "item": "V575-92453-204-00",
        "mfgItem": "M000108",
        "nc": "92453_204_S3.MPF",
        "pa": "PA00037",
        "wc": "1200G350"
    },
    {
        "cycle": 75.99506000000001,
        "description": "BRACKET-UNICORN",
        "item": "V575-92453-205-00",
        "mfgItem": "M001368",
        "nc": "92453_205_S0.MPF",
        "pa": "PA00071",
        "wc": "1200G350"
    },
    {
        "cycle": 38.01942,
        "description": "BRACKET-UNICORN",
        "item": "V575-92453-205-00",
        "mfgItem": "M001368",
        "nc": "92453_205_S1.MPF",
        "pa": "PA00033",
        "wc": "1200G350"
    },
    {
        "cycle": 116.61509999999998,
        "description": "BRACKET-UNICORN",
        "item": "V575-92453-205-00",
        "mfgItem": "M001368",
        "nc": "92453_205_S2.MPF",
        "pa": "PA00110",
        "wc": "1200G350"
    },
    {
        "cycle": 65.07039999999999,
        "description": "BRACKET-UNICORN",
        "item": "V575-92453-205-00",
        "mfgItem": "M001368",
        "nc": "92453_205_S3.MPF",
        "pa": "PA00064",
        "wc": "1200G350"
    },
    {
        "cycle": 47.66716,
        "description": "BRACKET-UNICORN",
        "item": "V575-94453-200-00/C00",
        "mfgItem": "M000375",
        "nc": "94453_200_S1.MPF",
        "pa": "PA00018",
        "wc": "1200G350"
    },
    {
        "cycle": 126.46392,
        "description": "BRACKET-UNICORN",
        "item": "V575-94453-200-00/C00",
        "mfgItem": "M000375",
        "nc": "94453_200_S2.MPF",
        "pa": "PA00127",
        "wc": "1200G350"
    },
    {
        "cycle": 83.98323999999998,
        "description": "BRACKET-UNICORN",
        "item": "V575-94453-200-00/C00",
        "mfgItem": "M000375",
        "nc": "94453_200_S3.MPF",
        "pa": "PA00153",
        "wc": "1200G350"
    },
    {
        "cycle": 46.772079999999995,
        "description": "BRACKET-UNICORN",
        "item": "V575-94453-201-00/C00",
        "mfgItem": "M000463",
        "nc": "94453_201_S1.MPF",
        "pa": "PA00019",
        "wc": "1200G350"
    },
    {
        "cycle": 60.95567999999998,
        "description": "BRACKET-UNICORN",
        "item": "V575-94453-201-00/C00",
        "mfgItem": "M000463",
        "nc": "94453_201_S2.MPF",
        "pa": "PA00090",
        "wc": "1200G350"
    },
    {
        "cycle": 49.68504,
        "description": "BRACKET-UNICORN",
        "item": "V575-94453-201-00/C00",
        "mfgItem": "M000463",
        "nc": "94453_201_S3.MPF",
        "pa": "PA00122",
        "wc": "1200G350"
    },
    {
        "cycle": 42.17551999999999,
        "description": "BRACKET-F/S UPR LIR-5",
        "item": "V575-94463-200-00/D00",
        "mfgItem": "M000590",
        "nc": "94463_200_S1.MPF",
        "pa": "PA00106",
        "wc": "1200G350"
    },
    {
        "cycle": 135.29407999999998,
        "description": "BRACKET-F/S UPR LIR-5",
        "item": "V575-94463-200-00/D00",
        "mfgItem": "M000590",
        "nc": "94463_200_S2.MPF",
        "pa": "PA00077",
        "wc": "1200G350"
    },
    {
        "cycle": 151.19324000000003,
        "description": "ATWT SS2 WATER DISTRIBUTION PLATE",
        "item": "4022 481 4721/3",
        "mfgItem": "M001268",
        "nc": "481_4721_S12.MPF",
        "pa": "PA00011",
        "wc": "1200G350"
    },
    {
        "cycle": 57.37072000000001,
        "description": "ATWT SS2 WATER DISTRIBUTION PLATE",
        "item": "4022 481 4721/3",
        "mfgItem": "M001268",
        "nc": "481_4721_S34.MPF",
        "pa": "PA00016",
        "wc": "1200G350"
    },
    {
        "cycle": 184.60415999999998,
        "description": "HORIZONTAL STROKE LIMITER",
        "item": "4022 621 3700/2",
        "mfgItem": "M003553",
        "nc": "621_3700_S1.MPF",
        "pa": "PA00024",
        "wc": "1200G350"
    },
    {
        "cycle": 348.41153999999995,
        "description": "WASHER PLATE",
        "item": "4022 621 3705/2",
        "mfgItem": "M003739",
        "nc": "621_3705_S1.MPF",
        "pa": "PA00060",
        "wc": "1200G350"
    },
    {
        "cycle": 105.93409999999997,
        "description": "WASHER PLATE",
        "item": "4022 621 3705/2",
        "mfgItem": "M003739",
        "nc": "621_3705_S2.MPF",
        "pa": "PA00007",
        "wc": "1200G350"
    },
    {
        "cycle": 53.674299999999995,
        "description": "ANTI LOSS COVER",
        "item": "4022 621 3712/1",
        "mfgItem": "M003468",
        "nc": "621_3712_S1.MPF",
        "pa": "PA00050",
        "wc": "1200G350"
    },
    {
        "cycle": 37.97987999999999,
        "description": "ANTI LOSS COVER",
        "item": "4022 621 3712/1",
        "mfgItem": "M003468",
        "nc": "621_3712_S2.MPF",
        "pa": "PA00036",
        "wc": "1200G350"
    },
    {
        "cycle": 265.56492,
        "description": "XT3 SS1XY DISTRIBUTION PLATE",
        "item": "4022 631 1606/5",
        "mfgItem": "M001285",
        "nc": "631_1606_S12.MPF",
        "pa": "PA00085",
        "wc": "1200G350"
    },
    {
        "cycle": 54.31124,
        "description": "XT3 SS1XY DISTRIBUTION PLATE",
        "item": "4022 631 1606/5",
        "mfgItem": "M001285",
        "nc": "631_1606_S34.MPF",
        "pa": "PA00037",
        "wc": "1200G350"
    },
    {
        "cycle": 137.94211999999996,
        "description": "XT3 SS2XY DISTRIBUTION PLATE",
        "item": "4022 631 1660/5",
        "mfgItem": "M001286",
        "nc": "631_1660_S12.MPF",
        "pa": "PA00078",
        "wc": "1200G350"
    },
    {
        "cycle": 54.43199999999999,
        "description": "XT3 SS2XY DISTRIBUTION PLATE",
        "item": "4022 631 1660/5",
        "mfgItem": "M001286",
        "nc": "631_1660_S34.MPF",
        "pa": "PA00066",
        "wc": "1200G350"
    },
    {
        "cycle": 44.65504000000001,
        "description": "EXE WS RCW4 SSZ MANIFOLD 1",
        "item": "4022 684 3026/2",
        "mfgItem": "M003545",
        "nc": "684_3026_S1.MPF",
        "pa": "PA00016",
        "wc": "1200G350"
    },
    {
        "cycle": 45.29758,
        "description": "EXE WS RCW4 SSZ MANIFOLD 2",
        "item": "4022 684 3027/2",
        "mfgItem": "M003546",
        "nc": "684_3027_S1.MPF",
        "pa": "PA00041",
        "wc": "1200G350"
    },
    {
        "cycle": 40.54135999999999,
        "description": "EXE WS RCW4 SSZ MANIFOLD 4",
        "item": "4022 684 3029/2",
        "mfgItem": "M003548",
        "nc": "684_3029_S1.MPF",
        "pa": "PA00131",
        "wc": "1200G350"
    },
    {
        "cycle": 40.242839999999994,
        "description": "EXE WS RCW4 C2 SSXY MANIFOLD 1",
        "item": "4022 684 5603/1",
        "mfgItem": "M003819",
        "nc": "684_5603_S1.MPF",
        "pa": "PA00144",
        "wc": "1200G350"
    },
    {
        "cycle": 58.14395999999999,
        "description": "EXE WS RCW4 C2 SSXY MANIFOLD 2",
        "item": "4022 684 5604/1",
        "mfgItem": "M003820",
        "nc": "684_5604_S1.MPF",
        "pa": "PA00098",
        "wc": "1200G350"
    },
    {
        "cycle": 39.2832,
        "description": "EXE WS RCW4 C2 SSXY MANIFOLD 3",
        "item": "4022 684 5622/1",
        "mfgItem": "M003842",
        "nc": "684_5622_S1.MPF",
        "pa": "PA00020",
        "wc": "1200G350"
    },
    {
        "cycle": 330.50539999999995,
        "description": "BRACKET ASSY",
        "item": "V539-70172-200-00",
        "mfgItem": "M001884",
        "nc": "70172_200_S1.MPF",
        "pa": "PA00036",
        "wc": "1200G350"
    },
    {
        "cycle": 49.630379999999995,
        "description": "BRACKET ASSY",
        "item": "V539-70172-202-00",
        "mfgItem": "M001885",
        "nc": "70172_202_S1.MPF",
        "pa": "PA00035",
        "wc": "1200G350"
    },
    {
        "cycle": 79.00092000000001,
        "description": "BRACKET ASSY",
        "item": "V539-70172-204-00",
        "mfgItem": "M001886",
        "nc": "70172_204_S1.MPF",
        "pa": "PA00067",
        "wc": "1200G350"
    },
    {
        "cycle": 197.22773999999998,
        "description": "ATWT SS1 WATER DISTRIBUTION PLATE",
        "item": "4022 481 4718/3",
        "mfgItem": "M001267",
        "nc": "81_4718_S12.MPF",
        "pa": "PA00070",
        "wc": "1200G350"
    },
    {
        "cycle": 43.61111999999999,
        "description": "ATWT SS1 WATER DISTRIBUTION PLATE",
        "item": "4022 481 4718/3",
        "mfgItem": "M001267",
        "nc": "81_4718_S34.MPF",
        "pa": "PA00038",
        "wc": "1200G350"
    },
    {
        "cycle": 97.7308,
        "description": "AIRMOUNT INTERFACE BLOCK",
        "item": "4022 621 3696/2",
        "mfgItem": "M003760",
        "nc": "621_3696_S2.MPF",
        "pa": "PA00019",
        "wc": "1200G350"
    },
    {
        "cycle": 221.74252,
        "description": "BT BB MA BASE FRAME",
        "item": "4022 675 7327/2",
        "mfgItem": "M000744",
        "nc": "675_7327_S1.MPF",
        "pa": "PA00067",
        "wc": "1200G350"
    },
    {
        "cycle": 307.96732,
        "description": "BT BB MA BASE FRAME",
        "item": "4022 675 7327/2",
        "mfgItem": "M000744",
        "nc": "675_7327_S2.MPF",
        "pa": "PA00003",
        "wc": "1200G350"
    },
    {
        "cycle": 105.65937999999998,
        "description": "BT BB MA BASE FRAME",
        "item": "4022 675 7327/2",
        "mfgItem": "M000744",
        "nc": "675_7327_S3.MPF",
        "pa": "PA00020",
        "wc": "1200G350"
    },
    {
        "cycle": 134.16486,
        "description": "BT BB MA BASE FRAME",
        "item": "4022 675 7327/2",
        "mfgItem": "M000744",
        "nc": "675_7327_S4.MPF",
        "pa": "PA00045",
        "wc": "1200G350"
    },
    {
        "cycle": 30.438959999999998,
        "description": "BT BB MA BASE FRAME",
        "item": "4022 675 7327/2",
        "mfgItem": "M000744",
        "nc": "675_7327_S5.MPF",
        "pa": "PA00133",
        "wc": "1200G350"
    },
    {
        "cycle": 106.09346,
        "description": "TI CLIP",
        "item": "V534-90548-200-00",
        "mfgItem": "M001879",
        "nc": "90548_200_S1.MPF",
        "pa": "PA00139",
        "wc": "1200G350"
    },
    {
        "cycle": 267.39712000000003,
        "description": "TI CLIP",
        "item": "V534-90548-202-00",
        "mfgItem": "M001880",
        "nc": "90548_202_S1.MPF",
        "pa": "PA00062",
        "wc": "1200G350"
    },
    {
        "cycle": 146.85711999999998,
        "description": "TI CLIP",
        "item": "V534-90548-202-00",
        "mfgItem": "M001880",
        "nc": "90548_202_S2.MPF",
        "pa": "PA00003",
        "wc": "1200G350"
    },
    {
        "cycle": 179.06177999999997,
        "description": "TI CLIP",
        "item": "V534-90548-204-00",
        "mfgItem": "M001881",
        "nc": "90548_204_S1.MPF",
        "pa": "PA00118",
        "wc": "1200G350"
    },
    {
        "cycle": 246.98745999999997,
        "description": "TI CLIP",
        "item": "V534-90548-204-00",
        "mfgItem": "M001881",
        "nc": "90548_204_S2.MPF",
        "pa": "PA00083",
        "wc": "1200G350"
    },
    {
        "cycle": 159.61411999999999,
        "description": "BRACKET-F/S LWR LIR-5",
        "item": "V575-94462-200-00/E00",
        "mfgItem": "M000377",
        "nc": "94462_200_S1.MPF",
        "pa": "PA00035",
        "wc": "1200G350"
    },
    {
        "cycle": 67.16839999999999,
        "description": "BRACKET-F/S LWR LIR-5",
        "item": "V575-94462-200-00/E00",
        "mfgItem": "M000377",
        "nc": "94462_200_S2.MPF",
        "pa": "PA00005",
        "wc": "1200G350"
    },
    {
        "cycle": 52.87816,
        "description": "BRACKET-F/S UPR LIR-5",
        "item": "V575-94463-200-00/D00",
        "mfgItem": "M000590",
        "nc": "94463_200_S3.MPF",
        "pa": "PA00011",
        "wc": "1200G350"
    },
    {
        "cycle": 54.30622,
        "description": "WASHER PLATE",
        "item": "4022 621 3706/2",
        "mfgItem": "M003523",
        "nc": "621_3706_S1.MPF",
        "pa": "PA00051",
        "wc": "1200G350"
    },
    {
        "cycle": 57.31535999999999,
        "description": "WASHER PLATE",
        "item": "4022 621 3706/2",
        "mfgItem": "M003523",
        "nc": "621_3706_S2.MPF",
        "pa": "PA00106",
        "wc": "1200G350"
    },
    {
        "cycle": 92.53216000000002,
        "description": "BT M100 BKT1 CONN PLATE",
        "item": "4022 654 5717/1",
        "mfgItem": "M004204",
        "nc": "654_5717_S1.MPF",
        "pa": "PA00062",
        "wc": "1200G350"
    },
    {
        "cycle": 31.874879999999997,
        "description": "EXE WS RCW4 SSXY ACT MANIFOLD 1",
        "item": "4022 684 3023/4",
        "mfgItem": "M004672",
        "nc": "684_3023_S1.MPF",
        "pa": "PA00049",
        "wc": "1200G350"
    },
    {
        "cycle": 59.09759999999999,
        "description": "EXE WS RCW4 SSXY ACT MANIFOLD 1",
        "item": "4022 684 3023/4",
        "mfgItem": "M004672",
        "nc": "684_3023_S2.MPF",
        "pa": "PA00109",
        "wc": "1200G350"
    },
    {
        "cycle": 51.58716,
        "description": "EXE WS RCW4 SSXY ACT MANIFOLD 1",
        "item": "4022 684 3023/4",
        "mfgItem": "M004672",
        "nc": "684_3023_S3.MPF",
        "pa": "PA00047",
        "wc": "1200G350"
    },
    {
        "cycle": 56.593740000000004,
        "description": "EXE WS RCW4 SSXY ACT MANIFOLD 2",
        "item": "4022 684 3024/4",
        "mfgItem": "M004674",
        "nc": "684_3024_S3.MPF",
        "pa": "PA00046",
        "wc": "1200G350"
    },
    {
        "cycle": 37.06528,
        "description": "EXE WS RCW4 SSXY ACT MANIFOLD 3",
        "item": "4022 684 3025/4",
        "mfgItem": "M004675",
        "nc": "684_3025_S1.MPF",
        "pa": "PA00113",
        "wc": "1200G350"
    },
    {
        "cycle": 32.48989999999999,
        "description": "EXE WS RCW4 SSXY ACT MANIFOLD 3",
        "item": "4022 684 3025/4",
        "mfgItem": "M004675",
        "nc": "684_3025_S2.MPF",
        "pa": "PA00051",
        "wc": "1200G350"
    },
    {
        "cycle": 51.63631999999999,
        "description": "EXE WS RCW4 SSXY ACT MANIFOLD 3",
        "item": "4022 684 3025/4",
        "mfgItem": "M004675",
        "nc": "684_3025_S3.MPF",
        "pa": "PA00085",
        "wc": "1200G350"
    },
    {
        "cycle": 50.41772000000001,
        "description": "EXE WS RCW4 SSZ MANIFOLD 1",
        "item": "4022 684 3026/2",
        "mfgItem": "M003545",
        "nc": "684_3026_S2.MPF",
        "pa": "PA00111",
        "wc": "1200G350"
    },
    {
        "cycle": 35.50115999999999,
        "description": "EXE WS RCW4 SSZ MANIFOLD 1",
        "item": "4022 684 3026/2",
        "mfgItem": "M003545",
        "nc": "684_3026_S3.MPF",
        "pa": "PA00052",
        "wc": "1200G350"
    },
    {
        "cycle": 52.77868000000001,
        "description": "EXE WS RCW4 SSZ MANIFOLD 2",
        "item": "4022 684 3027/2",
        "mfgItem": "M003546",
        "nc": "684_3027_S2.MPF",
        "pa": "PA00092",
        "wc": "1200G350"
    },
    {
        "cycle": 36.8457,
        "description": "EXE WS RCW4 SSZ MANIFOLD 2",
        "item": "4022 684 3027/2",
        "mfgItem": "M003546",
        "nc": "684_3027_S3.MPF",
        "pa": "PA00119",
        "wc": "1200G350"
    },
    {
        "cycle": 31.524780000000007,
        "description": "EXE WS RCW4 SSZ MANIFOLD 3",
        "item": "4022 684 3028/2",
        "mfgItem": "M003547",
        "nc": "684_3028_S1.MPF",
        "pa": "PA00035",
        "wc": "1200G350"
    },
    {
        "cycle": 59.184,
        "description": "EXE WS RCW4 SSZ MANIFOLD 3",
        "item": "4022 684 3028/2",
        "mfgItem": "M003547",
        "nc": "684_3028_S2.MPF",
        "pa": "PA00048",
        "wc": "1200G350"
    },
    {
        "cycle": 37.97322,
        "description": "EXE WS RCW4 SSZ MANIFOLD 3",
        "item": "4022 684 3028/2",
        "mfgItem": "M003547",
        "nc": "684_3028_S3.MPF",
        "pa": "PA00039",
        "wc": "1200G350"
    },
    {
        "cycle": 34.79154,
        "description": "EXE WS RCW4 SSZ MANIFOLD 4",
        "item": "4022 684 3029/2",
        "mfgItem": "M003548",
        "nc": "684_3029_S2.MPF",
        "pa": "PA00023",
        "wc": "1200G350"
    },
    {
        "cycle": 33.29268,
        "description": "EXE WS RCW4 SSZ MANIFOLD 4",
        "item": "4022 684 3029/2",
        "mfgItem": "M003548",
        "nc": "684_3029_S3.MPF",
        "pa": "PA00066",
        "wc": "1200G350"
    },
    {
        "cycle": 80.01714,
        "description": "EXE WS RCW4 C2 SSXY MANIFOLD 1",
        "item": "4022 684 5603/1",
        "mfgItem": "M003819",
        "nc": "684_5603_S2.MPF",
        "pa": "PA00096",
        "wc": "1200G350"
    },
    {
        "cycle": 54.49391999999999,
        "description": "EXE WS RCW4 C2 SSXY MANIFOLD 1",
        "item": "4022 684 5603/1",
        "mfgItem": "M003819",
        "nc": "684_5603_S3.MPF",
        "pa": "PA00064",
        "wc": "1200G350"
    },
    {
        "cycle": 34.64152,
        "description": "EXE WS RCW4 C2 SSXY MANIFOLD 2",
        "item": "4022 684 5604/1",
        "mfgItem": "M003820",
        "nc": "684_5604_S2.MPF",
        "pa": "PA00099",
        "wc": "1200G350"
    },
    {
        "cycle": 53.079599999999985,
        "description": "EXE WS RCW4 C2 SSXY MANIFOLD 2",
        "item": "4022 684 5604/1",
        "mfgItem": "M003820",
        "nc": "684_5604_S3.MPF",
        "pa": "PA00026",
        "wc": "1200G350"
    },
    {
        "cycle": 35.72784,
        "description": "EXE WS RCW4 C2 SSZ MANIFOLD 1",
        "item": "4022 684 5605/1",
        "mfgItem": "M003827",
        "nc": "684_5605_S1.MPF",
        "pa": "PA00069",
        "wc": "1200G350"
    },
    {
        "cycle": 63.84754,
        "description": "EXE WS RCW4 C2 SSZ MANIFOLD 1",
        "item": "4022 684 5605/1",
        "mfgItem": "M003827",
        "nc": "684_5605_S2.MPF",
        "pa": "PA00139",
        "wc": "1200G350"
    },
    {
        "cycle": 34.7709,
        "description": "EXE WS RCW4 C2 SSZ MANIFOLD 1",
        "item": "4022 684 5605/1",
        "mfgItem": "M003827",
        "nc": "684_5605_S3.MPF",
        "pa": "PA00008",
        "wc": "1200G350"
    },
    {
        "cycle": 39.31872,
        "description": "EXE WS RCW4 C2 SSZ MANIFOLD 2",
        "item": "4022 684 5606/1",
        "mfgItem": "M003830",
        "nc": "684_5606_S1.MPF",
        "pa": "PA00080",
        "wc": "1200G350"
    },
    {
        "cycle": 54.71044000000001,
        "description": "EXE WS RCW4 C2 SSZ MANIFOLD 2",
        "item": "4022 684 5606/1",
        "mfgItem": "M003830",
        "nc": "684_5606_S2.MPF",
        "pa": "PA00053",
        "wc": "1200G350"
    },
    {
        "cycle": 33.92376,
        "description": "EXE WS RCW4 C2 SSZ MANIFOLD 2",
        "item": "4022 684 5606/1",
        "mfgItem": "M003830",
        "nc": "684_5606_S3.MPF",
        "pa": "PA00033",
        "wc": "1200G350"
    },
    {
        "cycle": 39.29464,
        "description": "EXE WS RCW4 C2 SSZ MANIFOLD 3",
        "item": "4022 684 5607/1",
        "mfgItem": "M003840",
        "nc": "684_5607_S1.MPF",
        "pa": "PA00043",
        "wc": "1200G350"
    },
    {
        "cycle": 52.739319999999985,
        "description": "EXE WS RCW4 C2 SSZ MANIFOLD 3",
        "item": "4022 684 5607/1",
        "mfgItem": "M003840",
        "nc": "684_5607_S2.MPF",
        "pa": "PA00112",
        "wc": "1200G350"
    },
    {
        "cycle": 38.66994,
        "description": "EXE WS RCW4 C2 SSZ MANIFOLD 3",
        "item": "4022 684 5607/1",
        "mfgItem": "M003840",
        "nc": "684_5607_S3.MPF",
        "pa": "PA00045",
        "wc": "1200G350"
    },
    {
        "cycle": 47.54994000000001,
        "description": "EXE WS RCW4 C2 SSXY MANIFOLD 3",
        "item": "4022 684 5622/1",
        "mfgItem": "M003842",
        "nc": "684_5622_S2.MPF",
        "pa": "PA00041",
        "wc": "1200G350"
    },
    {
        "cycle": 52.84432,
        "description": "EXE WS RCW4 C2 SSXY MANIFOLD 3",
        "item": "4022 684 5622/1",
        "mfgItem": "M003842",
        "nc": "684_5622_S3.MPF",
        "pa": "PA00041",
        "wc": "1200G350"
    }
]