[
    {
        "cycle": 11.369466666666666,
        "description": "IL MASU SCHEIMPFLUG FRAME",
        "item": "4022 639 8308/5",
        "mfgItem": "M004832",
        "nc": "4022_639_8308_bew1.H",
        "pa": "PA00020",
        "wc": "1200G350"
    },
    {
        "cycle": 39.14028333333334,
        "description": "IL MASU SCHEIMPFLUG FRAME",
        "item": "4022 639 8308/5",
        "mfgItem": "M004832",
        "nc": "4022_639_8308_bew2.H",
        "pa": "PA00011",
        "wc": "1200G350"
    },
    {
        "cycle": 29.674183333333332,
        "description": "IL MASU SCHEIMPFLUG FRAME",
        "item": "4022 639 8308/5",
        "mfgItem": "M004832",
        "nc": "4022_639_8308_bew3.H",
        "pa": "PA00016",
        "wc": "1200G350"
    },
    {
        "cycle": 4.213266666666667,
        "description": "EXE WS PPL RETURN BOTTOM",
        "item": "4022 695 1196/4",
        "mfgItem": "M004643",
        "nc": "4022_695_1196_Bew1.H",
        "pa": "PA00115",
        "wc": "1200G350"
    },
    {
        "cycle": 69.76253333333334,
        "description": "EXE WS PPL RETURN BOTTOM",
        "item": "4022 695 1196/4",
        "mfgItem": "M004643",
        "nc": "4022_695_1196_Bew2.H",
        "pa": "PA00090",
        "wc": "1200G350"
    },
    {
        "cycle": 13.27025,
        "description": "EXE WS PPL RETURN BOTTOM",
        "item": "4022 695 1196/4",
        "mfgItem": "M004643",
        "nc": "4022_695_1196_Bew3.H",
        "pa": "PA00125",
        "wc": "1200G350"
    },
    {
        "cycle": 18.83226666666667,
        "description": "EXE WS PPL SUPPLY TOP CHAMBER",
        "item": "4022 695 1198/1",
        "mfgItem": "M003527",
        "nc": "4022_695_1198_Bew1.H",
        "pa": "PA00068",
        "wc": "1200G350"
    },
    {
        "cycle": 162.28645,
        "description": "EXE WS PPL SUPPLY TOP CHAMBER",
        "item": "4022 695 1198/1",
        "mfgItem": "M003527",
        "nc": "4022_695_1198_Bew2.H",
        "pa": "PA00059",
        "wc": "1200G350"
    },
    {
        "cycle": 60.78193333333332,
        "description": "EXE WS PPL SUPPLY TOP CHAMBER",
        "item": "4022 695 1198/1",
        "mfgItem": "M003527",
        "nc": "4022_695_1198_Bew3.H",
        "pa": "PA00093",
        "wc": "1200G350"
    },
    {
        "cycle": 11.415983333333335,
        "description": "EXE WS PPL RETURN TOP CHAMBER",
        "item": "4022 695 1201/1",
        "mfgItem": "M003531",
        "nc": "4022_695_1201_Bew1.H",
        "pa": "PA00088",
        "wc": "1200G350"
    },
    {
        "cycle": 95.29958333333336,
        "description": "EXE WS PPL RETURN TOP CHAMBER",
        "item": "4022 695 1201/1",
        "mfgItem": "M003531",
        "nc": "4022_695_1201_Bew2.H",
        "pa": "PA00020",
        "wc": "1200G350"
    },
    {
        "cycle": 64.35883333333332,
        "description": "EXE WS PPL RETURN TOP CHAMBER",
        "item": "4022 695 1201/1",
        "mfgItem": "M003531",
        "nc": "4022_695_1201_Bew3.H",
        "pa": "PA00083",
        "wc": "1200G350"
    },
    {
        "cycle": 58.45266666666666,
        "description": "EXE WS PPL RETURN TOP EOS",
        "item": "4022 695 1202/1",
        "mfgItem": "M004640",
        "nc": "4022_695_1202_Bew2.H",
        "pa": "PA00004",
        "wc": "1200G350"
    },
    {
        "cycle": 34.68751666666666,
        "description": "EXE WS PPL RETURN TOP EOS",
        "item": "4022 695 1202/1",
        "mfgItem": "M004640",
        "nc": "4022_695_1202_Bew3.H",
        "pa": "PA00016",
        "wc": "1200G350"
    },
    {
        "cycle": 3.775533333333334,
        "description": "EXE WS PPL RETURN TOP EOS",
        "item": "4022 695 1202/1",
        "mfgItem": "M004640",
        "nc": "4022_695_1202_Bew4.H",
        "pa": "PA00125",
        "wc": "1200G350"
    },
    {
        "cycle": 252.56006250000002,
        "description": "PALLET GROB 350  (CL-T.18.40.400)",
        "item": "CT18000-01/B",
        "mfgItem": "M004123",
        "nc": "CL-T_18_40_400_Bew1.H",
        "pa": "PA00128",
        "wc": "1200G350"
    },
    {
        "cycle": 7.137583333333333,
        "description": "REWORK BP SLM500",
        "item": "E036560/A",
        "mfgItem": "M004780",
        "nc": "E036560_Bew1.H",
        "pa": "PA00141",
        "wc": "1200G350"
    },
    {
        "cycle": 1.5482333333333336,
        "description": "RACK-RIEGEL-6X50",
        "item": "4380 101 09",
        "mfgItem": "M000165",
        "nc": "4380_101_09_Bew3.H",
        "pa": "PA00032",
        "wc": "1200G350"
    },
    {
        "cycle": 29.897316666666665,
        "description": "NEIGUNGSBOGEN 1 MIT NASE",
        "item": "6605 8311/02",
        "mfgItem": "M000306",
        "nc": "6605_8301_8311_Bew2.H",
        "pa": "PA00021",
        "wc": "1200G350"
    },
    {
        "cycle": 25.970299999999998,
        "description": "RIPPE 3",
        "item": "D575-73320-200-00",
        "mfgItem": "M002467",
        "nc": "D575_73320_200_00_Bew1.H",
        "pa": "PA00147",
        "wc": "1200G350"
    },
    {
        "cycle": 24.188233333333333,
        "description": "RIPPE 3",
        "item": "D575-73320-201-00",
        "mfgItem": "M002545",
        "nc": "D575_73320_201_00_Bew1.H",
        "pa": "PA00015",
        "wc": "1200G350"
    },
    {
        "cycle": 15.790166666666668,
        "description": "BOX ADAPTER TRIAX, 0 DEG POSN'R",
        "item": "105-514/H",
        "mfgItem": "M001738",
        "nc": "105_514_bew1.H",
        "pa": "PA00125",
        "wc": "1200G350"
    },
    {
        "cycle": 43.414316666666664,
        "description": "RIEGEL",
        "item": "F536-71083-212-00",
        "mfgItem": "M003951",
        "nc": "71083_212_RFS1.H",
        "pa": "PA00080",
        "wc": "1200G350"
    },
    {
        "cycle": 79.02836666666667,
        "description": "SCHNITTSTELLE GELENKMODUL RECHTS",
        "item": "6605 5591/08",
        "mfgItem": "M000047",
        "nc": "6605_5591_bew1.H",
        "pa": "PA00056",
        "wc": "1200G350"
    },
    {
        "cycle": 75.29951666666668,
        "description": "SPM RS ENC BR NON MAG -X",
        "item": "4022 673 6639/1",
        "mfgItem": "M003483",
        "nc": "40226736639R1_S2.H",
        "pa": "PA00123",
        "wc": "1200G350"
    },
    {
        "cycle": 112.84555000000002,
        "description": "SPM RS ENC BR NON MAG -X",
        "item": "4022 673 6639/1",
        "mfgItem": "M003483",
        "nc": "40226736639R1_S4.H",
        "pa": "PA00000",
        "wc": "1200G350"
    },
    {
        "cycle": 58.399249999999995,
        "description": "EUV WTC COVER",
        "item": "4022 697 3440/1",
        "mfgItem": "M004156",
        "nc": "697_3440_2_S2.H",
        "pa": "PA00120",
        "wc": "1200G350"
    },
    {
        "cycle": 39.838366666666666,
        "description": "NXE WS FORCER LEAF SPRING (UCV)",
        "item": "4022 620 0954/4",
        "mfgItem": "M003395",
        "nc": "620_0954_S1.MPF",
        "pa": "PA00133",
        "wc": "1200G350"
    },
    {
        "cycle": 64.68503333333334,
        "description": "NXE WS FORCER LEAF SPRING (UCV)",
        "item": "4022 620 0954/4",
        "mfgItem": "M003395",
        "nc": "620_0954_S2.MPF",
        "pa": "PA00033",
        "wc": "1200G350"
    },
    {
        "cycle": 52.67906666666667,
        "description": "NXE WS FORCER SIDE LEAF SPRING (UCV)",
        "item": "4022 620 0957/4",
        "mfgItem": "M003387",
        "nc": "620_0957_S1.MPF",
        "pa": "PA00061",
        "wc": "1200G350"
    },
    {
        "cycle": 154.16195000000002,
        "description": "NXE WS FORCER SIDE LEAF SPRING (UCV)",
        "item": "4022 620 0957/4",
        "mfgItem": "M003387",
        "nc": "620_0957_S2.MPF",
        "pa": "PA00017",
        "wc": "1200G350"
    },
    {
        "cycle": 47.09156666666666,
        "description": "NXE WS SS XY EOS",
        "item": "4022 620 1878/3",
        "mfgItem": "M000506",
        "nc": "620_1878_S1.MPF",
        "pa": "PA00103",
        "wc": "1200G350"
    },
    {
        "cycle": 245.14806666666667,
        "description": "NXE WS SS XY EOS",
        "item": "4022 620 1878/3",
        "mfgItem": "M000506",
        "nc": "620_1878_S2.MPF",
        "pa": "PA00018",
        "wc": "1200G350"
    },
    {
        "cycle": 163.60846666666663,
        "description": "NXE WS SS XY EOS",
        "item": "4022 620 1878/3",
        "mfgItem": "M000506",
        "nc": "620_1878_S3.MPF",
        "pa": "PA00030",
        "wc": "1200G350"
    },
    {
        "cycle": 84.7582,
        "description": "NXE WS SS Z EOS 4",
        "item": "4022 620 1891/2",
        "mfgItem": "M000955",
        "nc": "620_1891_S1.MPF",
        "pa": "PA00105",
        "wc": "1200G350"
    },
    {
        "cycle": 10.679549999999999,
        "description": "NXE WS SS Z EOS 4",
        "item": "4022 620 1891/2",
        "mfgItem": "M000955",
        "nc": "620_1891_S2.MPF",
        "pa": "PA00145",
        "wc": "1200G350"
    },
    {
        "cycle": 195.7813166666667,
        "description": "MIDFRAME INTERF BLOCK",
        "item": "4022 621 3697/2",
        "mfgItem": "M003742",
        "nc": "621_3697_S1.MPF",
        "pa": "PA00035",
        "wc": "1200G350"
    },
    {
        "cycle": 170.33053333333328,
        "description": "MIDFRAME INTERF BLOCK",
        "item": "4022 621 3697/2",
        "mfgItem": "M003742",
        "nc": "621_3697_S2.MPF",
        "pa": "PA00046",
        "wc": "1200G350"
    },
    {
        "cycle": 108.81380833333334,
        "description": "MIDFRAME INTERF BLOCK",
        "item": "4022 621 3697/2",
        "mfgItem": "M003742",
        "nc": "621_3697_S3.MPF",
        "pa": "PA00016",
        "wc": "1200G350"
    },
    {
        "cycle": 43.519733333333335,
        "description": "MIDFRAME INTERF BLOCK",
        "item": "4022 621 3697/2",
        "mfgItem": "M003742",
        "nc": "621_3697_S4.MPF",
        "pa": "PA00010",
        "wc": "1200G350"
    },
    {
        "cycle": 337.88956666666667,
        "description": "LS UV NXE DAM COOLER ASSY",
        "item": "4022 621 7597/3",
        "mfgItem": "M000658",
        "nc": "621_8319_S1.MPF",
        "pa": "PA00020",
        "wc": "1200G350"
    },
    {
        "cycle": 242.92736666666664,
        "description": "LS UV NXE DAM COOLER ASSY",
        "item": "4022 621 7597/3",
        "mfgItem": "M000658",
        "nc": "621_8319_S2.MPF",
        "pa": "PA00000",
        "wc": "1200G350"
    },
    {
        "cycle": 48.05609999999999,
        "description": "LS UV NXE DAM COOLER ASSY",
        "item": "4022 621 7597/3",
        "mfgItem": "M000658",
        "nc": "621_8319_S3.MPF",
        "pa": "PA00067",
        "wc": "1200G350"
    },
    {
        "cycle": 134.57394999999997,
        "description": "NXE WSL PPL MAIN MANIFOLD",
        "item": "4022 622 2304/2",
        "mfgItem": "M000956",
        "nc": "622_2304_S2.MPF",
        "pa": "PA00092",
        "wc": "1200G350"
    },
    {
        "cycle": 50.89726666666666,
        "description": "NXE WSL PPL MAIN MANIFOLD",
        "item": "4022 622 2304/2",
        "mfgItem": "M000956",
        "nc": "622_2304_S3.MPF",
        "pa": "PA00005",
        "wc": "1200G350"
    },
    {
        "cycle": 96.80843333333334,
        "description": "NXT WS MK4I PPL BOTTOM BLOCK",
        "item": "4022 642 9957/2",
        "mfgItem": "M000280",
        "nc": "642_9957_S1.MPF",
        "pa": "PA00070",
        "wc": "1200G350"
    },
    {
        "cycle": 286.9060333333333,
        "description": "NXT WS MK4I PPL TOP BLOCK",
        "item": "4022 642 9975/2",
        "mfgItem": "M000281",
        "nc": "642_9975_S1.MPF",
        "pa": "PA00044",
        "wc": "1200G350"
    },
    {
        "cycle": 109.35919999999999,
        "description": "NXT WS MK4I PPL TOP BLOCK",
        "item": "4022 642 9975/2",
        "mfgItem": "M000281",
        "nc": "642_9975_S2.MPF",
        "pa": "PA00010",
        "wc": "1200G350"
    },
    {
        "cycle": 60.80160000000001,
        "description": "NXE WS SS Z EOS 1",
        "item": "4022 657 4821/1",
        "mfgItem": "M000958",
        "nc": "657_4821_S1.MPF",
        "pa": "PA00116",
        "wc": "1200G350"
    },
    {
        "cycle": 4.5407166666666665,
        "description": "NXE WS SS Z EOS 1",
        "item": "4022 657 4821/1",
        "mfgItem": "M000958",
        "nc": "657_4821_S2.MPF",
        "pa": "PA00004",
        "wc": "1200G350"
    },
    {
        "cycle": 127.56601666666667,
        "description": "NXE WS SS Z EOS 2",
        "item": "4022 657 4822/1",
        "mfgItem": "M000959",
        "nc": "657_4822_S1.MPF",
        "pa": "PA00035",
        "wc": "1200G350"
    },
    {
        "cycle": 7.990766666666667,
        "description": "NXE WS SS Z EOS 2",
        "item": "4022 657 4822/1",
        "mfgItem": "M000959",
        "nc": "657_4822_S2.MPF",
        "pa": "PA00084",
        "wc": "1200G350"
    },
    {
        "cycle": 128.1131,
        "description": "BT BB M100 LOCK PLATE",
        "item": "4022 660 9527/2",
        "mfgItem": "M004208",
        "nc": "660_9527_S1.MPF",
        "pa": "PA00119",
        "wc": "1200G350"
    },
    {
        "cycle": 49.86408333333333,
        "description": "BT BB M100 LOCK PLATE",
        "item": "4022 660 9527/2",
        "mfgItem": "M004208",
        "nc": "660_9527_S2.MPF",
        "pa": "PA00088",
        "wc": "1200G350"
    },
    {
        "cycle": 45.888600000000004,
        "description": "TDM ARM SUPPORT",
        "item": "4022 673 3345/2",
        "mfgItem": "M000575",
        "nc": "673_3345_S1.MPF",
        "pa": "PA00074",
        "wc": "1200G350"
    },
    {
        "cycle": 214.07698333333337,
        "description": "LS UV MK3 DAM COOLER ASSY",
        "item": "4022 680 8014/1",
        "mfgItem": "M003499",
        "nc": "680_8018_S1.MPF",
        "pa": "PA00030",
        "wc": "1200G350"
    },
    {
        "cycle": 214.6794833333333,
        "description": "LS UV MK3 DAM COOLER ASSY",
        "item": "4022 680 8014/1",
        "mfgItem": "M003499",
        "nc": "680_8018_S2.MPF",
        "pa": "PA00007",
        "wc": "1200G350"
    },
    {
        "cycle": 35.240050000000004,
        "description": "LS UV MK3 DAM COOLER ASSY",
        "item": "4022 680 8014/1",
        "mfgItem": "M003499",
        "nc": "680_8018_S3.MPF",
        "pa": "PA00000",
        "wc": "1200G350"
    },
    {
        "cycle": 45.62851666666667,
        "description": "[MC] BUFFER PLATE",
        "item": "721-00135/00",
        "mfgItem": "M001634",
        "nc": "721_00135_S1.MPF",
        "pa": "PA00047",
        "wc": "1200G350"
    },
    {
        "cycle": 270.3726,
        "description": "HAKEN 2,3,4",
        "item": "F575-73125-202-00",
        "mfgItem": "M001820",
        "nc": "73125_202_S1.MPF",
        "pa": "PA00030",
        "wc": "1200G350"
    },
    {
        "cycle": 24.134783333333335,
        "description": "TI CLIP",
        "item": "V532-74285-204-00",
        "mfgItem": "M000829",
        "nc": "74285_204_S1.MPF",
        "pa": "PA00084",
        "wc": "1200G350"
    },
    {
        "cycle": 33.38341666666667,
        "description": "TI CLIP",
        "item": "V532-74285-204-00",
        "mfgItem": "M000829",
        "nc": "74285_204_S2.MPF",
        "pa": "PA00006",
        "wc": "1200G350"
    },
    {
        "cycle": 181.67194999999995,
        "description": "ZAHNPLATTE MIT ZAPFEN",
        "item": "D534-75958-200-00/A",
        "mfgItem": "M000132",
        "nc": "75958_200_S1.MPF",
        "pa": "PA00024",
        "wc": "1200G350"
    },
    {
        "cycle": 6.809683333333333,
        "description": "ADAPTER O2-STECKER",
        "item": "F255-76245-200-00",
        "mfgItem": "M001817",
        "nc": "76245_200_1X.MPF",
        "pa": "PA00074",
        "wc": "1200G350"
    },
    {
        "cycle": 25.589350000000003,
        "description": "ADAPTER O2-STECKER",
        "item": "F255-76245-200-00",
        "mfgItem": "M001817",
        "nc": "76245_200_6X.MPF",
        "pa": "PA00055",
        "wc": "1200G350"
    },
    {
        "cycle": 47.98578333333333,
        "description": "ADAPTER O2-STECKER",
        "item": "F255-76245-200-00",
        "mfgItem": "M001817",
        "nc": "76245_200_S1.MPF",
        "pa": "PA00020",
        "wc": "1200G350"
    },
    {
        "cycle": 45.55063333333334,
        "description": "FTG LWR",
        "item": "V532-91113-400-00",
        "mfgItem": "M000761",
        "nc": "91113_400_S1.MPF",
        "pa": "PA00033",
        "wc": "1200G350"
    },
    {
        "cycle": 4.493716666666666,
        "description": "FTG LWR",
        "item": "V532-91113-400-00",
        "mfgItem": "M000761",
        "nc": "91113_400_S2.MPF",
        "pa": "PA00124",
        "wc": "1200G350"
    },
    {
        "cycle": 96.26536666666667,
        "description": "FTG LWR",
        "item": "V532-91113-402-00",
        "mfgItem": "M000762",
        "nc": "91113_402_S1.MPF",
        "pa": "PA00154",
        "wc": "1200G350"
    },
    {
        "cycle": 64.47673333333333,
        "description": "BRACKET-UNICORN",
        "item": "V575-92453-204-00",
        "mfgItem": "M000108",
        "nc": "92453_204_S0.MPF",
        "pa": "PA00031",
        "wc": "1200G350"
    },
    {
        "cycle": 11.09415,
        "description": "BRACKET-UNICORN",
        "item": "V575-92453-204-00",
        "mfgItem": "M000108",
        "nc": "92453_204_S1.MPF",
        "pa": "PA00038",
        "wc": "1200G350"
    },
    {
        "cycle": 178.34013750000003,
        "description": "BRACKET-UNICORN",
        "item": "V575-92453-204-00",
        "mfgItem": "M000108",
        "nc": "92453_204_S2.MPF",
        "pa": "PA00142",
        "wc": "1200G350"
    },
    {
        "cycle": 53.60176666666667,
        "description": "BRACKET-UNICORN",
        "item": "V575-92453-204-00",
        "mfgItem": "M000108",
        "nc": "92453_204_S3.MPF",
        "pa": "PA00037",
        "wc": "1200G350"
    },
    {
        "cycle": 63.329216666666674,
        "description": "BRACKET-UNICORN",
        "item": "V575-92453-205-00",
        "mfgItem": "M001368",
        "nc": "92453_205_S0.MPF",
        "pa": "PA00071",
        "wc": "1200G350"
    },
    {
        "cycle": 10.56095,
        "description": "BRACKET-UNICORN",
        "item": "V575-92453-205-00",
        "mfgItem": "M001368",
        "nc": "92453_205_S1.MPF",
        "pa": "PA00033",
        "wc": "1200G350"
    },
    {
        "cycle": 97.17925,
        "description": "BRACKET-UNICORN",
        "item": "V575-92453-205-00",
        "mfgItem": "M001368",
        "nc": "92453_205_S2.MPF",
        "pa": "PA00110",
        "wc": "1200G350"
    },
    {
        "cycle": 54.22533333333333,
        "description": "BRACKET-UNICORN",
        "item": "V575-92453-205-00",
        "mfgItem": "M001368",
        "nc": "92453_205_S3.MPF",
        "pa": "PA00064",
        "wc": "1200G350"
    },
    {
        "cycle": 19.861316666666667,
        "description": "BRACKET-UNICORN",
        "item": "V575-94453-200-00/C00",
        "mfgItem": "M000375",
        "nc": "94453_200_S1.MPF",
        "pa": "PA00018",
        "wc": "1200G350"
    },
    {
        "cycle": 105.3866,
        "description": "BRACKET-UNICORN",
        "item": "V575-94453-200-00/C00",
        "mfgItem": "M000375",
        "nc": "94453_200_S2.MPF",
        "pa": "PA00127",
        "wc": "1200G350"
    },
    {
        "cycle": 69.98603333333332,
        "description": "BRACKET-UNICORN",
        "item": "V575-94453-200-00/C00",
        "mfgItem": "M000375",
        "nc": "94453_200_S3.MPF",
        "pa": "PA00153",
        "wc": "1200G350"
    },
    {
        "cycle": 19.488366666666664,
        "description": "BRACKET-UNICORN",
        "item": "V575-94453-201-00/C00",
        "mfgItem": "M000463",
        "nc": "94453_201_S1.MPF",
        "pa": "PA00019",
        "wc": "1200G350"
    },
    {
        "cycle": 50.796399999999984,
        "description": "BRACKET-UNICORN",
        "item": "V575-94453-201-00/C00",
        "mfgItem": "M000463",
        "nc": "94453_201_S2.MPF",
        "pa": "PA00090",
        "wc": "1200G350"
    },
    {
        "cycle": 41.4042,
        "description": "BRACKET-UNICORN",
        "item": "V575-94453-201-00/C00",
        "mfgItem": "M000463",
        "nc": "94453_201_S3.MPF",
        "pa": "PA00122",
        "wc": "1200G350"
    },
    {
        "cycle": 35.14626666666666,
        "description": "BRACKET-F/S UPR LIR-5",
        "item": "V575-94463-200-00/D00",
        "mfgItem": "M000590",
        "nc": "94463_200_S1.MPF",
        "pa": "PA00106",
        "wc": "1200G350"
    },
    {
        "cycle": 112.74506666666666,
        "description": "BRACKET-F/S UPR LIR-5",
        "item": "V575-94463-200-00/D00",
        "mfgItem": "M000590",
        "nc": "94463_200_S2.MPF",
        "pa": "PA00077",
        "wc": "1200G350"
    },
    {
        "cycle": 125.9943666666667,
        "description": "ATWT SS2 WATER DISTRIBUTION PLATE",
        "item": "4022 481 4721/3",
        "mfgItem": "M001268",
        "nc": "481_4721_S12.MPF",
        "pa": "PA00011",
        "wc": "1200G350"
    },
    {
        "cycle": 23.90446666666667,
        "description": "ATWT SS2 WATER DISTRIBUTION PLATE",
        "item": "4022 481 4721/3",
        "mfgItem": "M001268",
        "nc": "481_4721_S34.MPF",
        "pa": "PA00016",
        "wc": "1200G350"
    },
    {
        "cycle": 153.83679999999998,
        "description": "HORIZONTAL STROKE LIMITER",
        "item": "4022 621 3700/2",
        "mfgItem": "M003553",
        "nc": "621_3700_S1.MPF",
        "pa": "PA00024",
        "wc": "1200G350"
    },
    {
        "cycle": 290.34295,
        "description": "WASHER PLATE",
        "item": "4022 621 3705/2",
        "mfgItem": "M003739",
        "nc": "621_3705_S1.MPF",
        "pa": "PA00060",
        "wc": "1200G350"
    },
    {
        "cycle": 88.27841666666664,
        "description": "WASHER PLATE",
        "item": "4022 621 3705/2",
        "mfgItem": "M003739",
        "nc": "621_3705_S2.MPF",
        "pa": "PA00007",
        "wc": "1200G350"
    },
    {
        "cycle": 44.72858333333333,
        "description": "ANTI LOSS COVER",
        "item": "4022 621 3712/1",
        "mfgItem": "M003468",
        "nc": "621_3712_S1.MPF",
        "pa": "PA00050",
        "wc": "1200G350"
    },
    {
        "cycle": 10.549966666666664,
        "description": "ANTI LOSS COVER",
        "item": "4022 621 3712/1",
        "mfgItem": "M003468",
        "nc": "621_3712_S2.MPF",
        "pa": "PA00036",
        "wc": "1200G350"
    },
    {
        "cycle": 221.30409999999998,
        "description": "XT3 SS1XY DISTRIBUTION PLATE",
        "item": "4022 631 1606/5",
        "mfgItem": "M001285",
        "nc": "631_1606_S12.MPF",
        "pa": "PA00085",
        "wc": "1200G350"
    },
    {
        "cycle": 22.629683333333332,
        "description": "XT3 SS1XY DISTRIBUTION PLATE",
        "item": "4022 631 1606/5",
        "mfgItem": "M001285",
        "nc": "631_1606_S34.MPF",
        "pa": "PA00037",
        "wc": "1200G350"
    },
    {
        "cycle": 114.95176666666664,
        "description": "XT3 SS2XY DISTRIBUTION PLATE",
        "item": "4022 631 1660/5",
        "mfgItem": "M001286",
        "nc": "631_1660_S12.MPF",
        "pa": "PA00078",
        "wc": "1200G350"
    },
    {
        "cycle": 22.679999999999996,
        "description": "XT3 SS2XY DISTRIBUTION PLATE",
        "item": "4022 631 1660/5",
        "mfgItem": "M001286",
        "nc": "631_1660_S34.MPF",
        "pa": "PA00066",
        "wc": "1200G350"
    },
    {
        "cycle": 18.60626666666667,
        "description": "EXE WS RCW4 SSZ MANIFOLD 1",
        "item": "4022 684 3026/2",
        "mfgItem": "M003545",
        "nc": "684_3026_S1.MPF",
        "pa": "PA00016",
        "wc": "1200G350"
    },
    {
        "cycle": 37.74798333333334,
        "description": "EXE WS RCW4 SSZ MANIFOLD 2",
        "item": "4022 684 3027/2",
        "mfgItem": "M003546",
        "nc": "684_3027_S1.MPF",
        "pa": "PA00041",
        "wc": "1200G350"
    },
    {
        "cycle": 16.89223333333333,
        "description": "EXE WS RCW4 SSZ MANIFOLD 4",
        "item": "4022 684 3029/2",
        "mfgItem": "M003548",
        "nc": "684_3029_S1.MPF",
        "pa": "PA00131",
        "wc": "1200G350"
    },
    {
        "cycle": 16.76785,
        "description": "EXE WS RCW4 C2 SSXY MANIFOLD 1",
        "item": "4022 684 5603/1",
        "mfgItem": "M003819",
        "nc": "684_5603_S1.MPF",
        "pa": "PA00144",
        "wc": "1200G350"
    },
    {
        "cycle": 48.4533,
        "description": "EXE WS RCW4 C2 SSXY MANIFOLD 2",
        "item": "4022 684 5604/1",
        "mfgItem": "M003820",
        "nc": "684_5604_S1.MPF",
        "pa": "PA00098",
        "wc": "1200G350"
    },
    {
        "cycle": 16.368000000000002,
        "description": "EXE WS RCW4 C2 SSXY MANIFOLD 3",
        "item": "4022 684 5622/1",
        "mfgItem": "M003842",
        "nc": "684_5622_S1.MPF",
        "pa": "PA00020",
        "wc": "1200G350"
    },
    {
        "cycle": 275.42116666666664,
        "description": "BRACKET ASSY",
        "item": "V539-70172-200-00",
        "mfgItem": "M001884",
        "nc": "70172_200_S1.MPF",
        "pa": "PA00036",
        "wc": "1200G350"
    },
    {
        "cycle": 41.35865,
        "description": "BRACKET ASSY",
        "item": "V539-70172-202-00",
        "mfgItem": "M001885",
        "nc": "70172_202_S1.MPF",
        "pa": "PA00035",
        "wc": "1200G350"
    },
    {
        "cycle": 65.8341,
        "description": "BRACKET ASSY",
        "item": "V539-70172-204-00",
        "mfgItem": "M001886",
        "nc": "70172_204_S1.MPF",
        "pa": "PA00067",
        "wc": "1200G350"
    },
    {
        "cycle": 164.35645,
        "description": "ATWT SS1 WATER DISTRIBUTION PLATE",
        "item": "4022 481 4718/3",
        "mfgItem": "M001267",
        "nc": "81_4718_S12.MPF",
        "pa": "PA00070",
        "wc": "1200G350"
    },
    {
        "cycle": 18.1713,
        "description": "ATWT SS1 WATER DISTRIBUTION PLATE",
        "item": "4022 481 4718/3",
        "mfgItem": "M001267",
        "nc": "81_4718_S34.MPF",
        "pa": "PA00038",
        "wc": "1200G350"
    },
    {
        "cycle": 81.44233333333334,
        "description": "AIRMOUNT INTERFACE BLOCK",
        "item": "4022 621 3696/2",
        "mfgItem": "M003760",
        "nc": "621_3696_S2.MPF",
        "pa": "PA00019",
        "wc": "1200G350"
    },
    {
        "cycle": 184.78543333333334,
        "description": "BT BB MA BASE FRAME",
        "item": "4022 675 7327/2",
        "mfgItem": "M000744",
        "nc": "675_7327_S1.MPF",
        "pa": "PA00067",
        "wc": "1200G350"
    },
    {
        "cycle": 256.63943333333333,
        "description": "BT BB MA BASE FRAME",
        "item": "4022 675 7327/2",
        "mfgItem": "M000744",
        "nc": "675_7327_S2.MPF",
        "pa": "PA00003",
        "wc": "1200G350"
    },
    {
        "cycle": 88.04948333333333,
        "description": "BT BB MA BASE FRAME",
        "item": "4022 675 7327/2",
        "mfgItem": "M000744",
        "nc": "675_7327_S3.MPF",
        "pa": "PA00020",
        "wc": "1200G350"
    },
    {
        "cycle": 111.80405,
        "description": "BT BB MA BASE FRAME",
        "item": "4022 675 7327/2",
        "mfgItem": "M000744",
        "nc": "675_7327_S4.MPF",
        "pa": "PA00045",
        "wc": "1200G350"
    },
    {
        "cycle": 6.34145,
        "description": "BT BB MA BASE FRAME",
        "item": "4022 675 7327/2",
        "mfgItem": "M000744",
        "nc": "675_7327_S5.MPF",
        "pa": "PA00133",
        "wc": "1200G350"
    },
    {
        "cycle": 88.41121666666666,
        "description": "TI CLIP",
        "item": "V534-90548-200-00",
        "mfgItem": "M001879",
        "nc": "90548_200_S1.MPF",
        "pa": "PA00139",
        "wc": "1200G350"
    },
    {
        "cycle": 222.83093333333335,
        "description": "TI CLIP",
        "item": "V534-90548-202-00",
        "mfgItem": "M001880",
        "nc": "90548_202_S1.MPF",
        "pa": "PA00062",
        "wc": "1200G350"
    },
    {
        "cycle": 122.38093333333333,
        "description": "TI CLIP",
        "item": "V534-90548-202-00",
        "mfgItem": "M001880",
        "nc": "90548_202_S2.MPF",
        "pa": "PA00003",
        "wc": "1200G350"
    },
    {
        "cycle": 149.21814999999998,
        "description": "TI CLIP",
        "item": "V534-90548-204-00",
        "mfgItem": "M001881",
        "nc": "90548_204_S1.MPF",
        "pa": "PA00118",
        "wc": "1200G350"
    },
    {
        "cycle": 205.82288333333332,
        "description": "TI CLIP",
        "item": "V534-90548-204-00",
        "mfgItem": "M001881",
        "nc": "90548_204_S2.MPF",
        "pa": "PA00083",
        "wc": "1200G350"
    },
    {
        "cycle": 133.01176666666666,
        "description": "BRACKET-F/S LWR LIR-5",
        "item": "V575-94462-200-00/E00",
        "mfgItem": "M000377",
        "nc": "94462_200_S1.MPF",
        "pa": "PA00035",
        "wc": "1200G350"
    },
    {
        "cycle": 55.97366666666667,
        "description": "BRACKET-F/S LWR LIR-5",
        "item": "V575-94462-200-00/E00",
        "mfgItem": "M000377",
        "nc": "94462_200_S2.MPF",
        "pa": "PA00005",
        "wc": "1200G350"
    },
    {
        "cycle": 22.032566666666668,
        "description": "BRACKET-F/S UPR LIR-5",
        "item": "V575-94463-200-00/D00",
        "mfgItem": "M000590",
        "nc": "94463_200_S3.MPF",
        "pa": "PA00011",
        "wc": "1200G350"
    },
    {
        "cycle": 45.255183333333335,
        "description": "WASHER PLATE",
        "item": "4022 621 3706/2",
        "mfgItem": "M003523",
        "nc": "621_3706_S1.MPF",
        "pa": "PA00051",
        "wc": "1200G350"
    },
    {
        "cycle": 23.881399999999996,
        "description": "WASHER PLATE",
        "item": "4022 621 3706/2",
        "mfgItem": "M003523",
        "nc": "621_3706_S2.MPF",
        "pa": "PA00106",
        "wc": "1200G350"
    },
    {
        "cycle": 77.11013333333335,
        "description": "BT M100 BKT1 CONN PLATE",
        "item": "4022 654 5717/1",
        "mfgItem": "M004204",
        "nc": "654_5717_S1.MPF",
        "pa": "PA00062",
        "wc": "1200G350"
    },
    {
        "cycle": 8.854133333333333,
        "description": "EXE WS RCW4 SSXY ACT MANIFOLD 1",
        "item": "4022 684 3023/4",
        "mfgItem": "M004672",
        "nc": "684_3023_S1.MPF",
        "pa": "PA00049",
        "wc": "1200G350"
    },
    {
        "cycle": 49.248,
        "description": "EXE WS RCW4 SSXY ACT MANIFOLD 1",
        "item": "4022 684 3023/4",
        "mfgItem": "M004672",
        "nc": "684_3023_S2.MPF",
        "pa": "PA00109",
        "wc": "1200G350"
    },
    {
        "cycle": 21.49465,
        "description": "EXE WS RCW4 SSXY ACT MANIFOLD 1",
        "item": "4022 684 3023/4",
        "mfgItem": "M004672",
        "nc": "684_3023_S3.MPF",
        "pa": "PA00047",
        "wc": "1200G350"
    },
    {
        "cycle": 47.16145,
        "description": "EXE WS RCW4 SSXY ACT MANIFOLD 2",
        "item": "4022 684 3024/4",
        "mfgItem": "M004674",
        "nc": "684_3024_S3.MPF",
        "pa": "PA00046",
        "wc": "1200G350"
    },
    {
        "cycle": 7.721933333333333,
        "description": "EXE WS RCW4 SSXY ACT MANIFOLD 3",
        "item": "4022 684 3025/4",
        "mfgItem": "M004675",
        "nc": "684_3025_S1.MPF",
        "pa": "PA00113",
        "wc": "1200G350"
    },
    {
        "cycle": 27.07491666666666,
        "description": "EXE WS RCW4 SSXY ACT MANIFOLD 3",
        "item": "4022 684 3025/4",
        "mfgItem": "M004675",
        "nc": "684_3025_S2.MPF",
        "pa": "PA00051",
        "wc": "1200G350"
    },
    {
        "cycle": 21.51513333333333,
        "description": "EXE WS RCW4 SSXY ACT MANIFOLD 3",
        "item": "4022 684 3025/4",
        "mfgItem": "M004675",
        "nc": "684_3025_S3.MPF",
        "pa": "PA00085",
        "wc": "1200G350"
    },
    {
        "cycle": 21.007383333333337,
        "description": "EXE WS RCW4 SSZ MANIFOLD 1",
        "item": "4022 684 3026/2",
        "mfgItem": "M003545",
        "nc": "684_3026_S2.MPF",
        "pa": "PA00111",
        "wc": "1200G350"
    },
    {
        "cycle": 9.861433333333332,
        "description": "EXE WS RCW4 SSZ MANIFOLD 1",
        "item": "4022 684 3026/2",
        "mfgItem": "M003545",
        "nc": "684_3026_S3.MPF",
        "pa": "PA00052",
        "wc": "1200G350"
    },
    {
        "cycle": 21.99111666666667,
        "description": "EXE WS RCW4 SSZ MANIFOLD 2",
        "item": "4022 684 3027/2",
        "mfgItem": "M003546",
        "nc": "684_3027_S2.MPF",
        "pa": "PA00092",
        "wc": "1200G350"
    },
    {
        "cycle": 10.234916666666667,
        "description": "EXE WS RCW4 SSZ MANIFOLD 2",
        "item": "4022 684 3027/2",
        "mfgItem": "M003546",
        "nc": "684_3027_S3.MPF",
        "pa": "PA00119",
        "wc": "1200G350"
    },
    {
        "cycle": 8.756883333333334,
        "description": "EXE WS RCW4 SSZ MANIFOLD 3",
        "item": "4022 684 3028/2",
        "mfgItem": "M003547",
        "nc": "684_3028_S1.MPF",
        "pa": "PA00035",
        "wc": "1200G350"
    },
    {
        "cycle": 49.32,
        "description": "EXE WS RCW4 SSZ MANIFOLD 3",
        "item": "4022 684 3028/2",
        "mfgItem": "M003547",
        "nc": "684_3028_S2.MPF",
        "pa": "PA00048",
        "wc": "1200G350"
    },
    {
        "cycle": 10.548116666666665,
        "description": "EXE WS RCW4 SSZ MANIFOLD 3",
        "item": "4022 684 3028/2",
        "mfgItem": "M003547",
        "nc": "684_3028_S3.MPF",
        "pa": "PA00039",
        "wc": "1200G350"
    },
    {
        "cycle": 28.992949999999997,
        "description": "EXE WS RCW4 SSZ MANIFOLD 4",
        "item": "4022 684 3029/2",
        "mfgItem": "M003548",
        "nc": "684_3029_S2.MPF",
        "pa": "PA00023",
        "wc": "1200G350"
    },
    {
        "cycle": 9.247966666666667,
        "description": "EXE WS RCW4 SSZ MANIFOLD 4",
        "item": "4022 684 3029/2",
        "mfgItem": "M003548",
        "nc": "684_3029_S3.MPF",
        "pa": "PA00066",
        "wc": "1200G350"
    },
    {
        "cycle": 66.68095,
        "description": "EXE WS RCW4 C2 SSXY MANIFOLD 1",
        "item": "4022 684 5603/1",
        "mfgItem": "M003819",
        "nc": "684_5603_S2.MPF",
        "pa": "PA00096",
        "wc": "1200G350"
    },
    {
        "cycle": 22.705799999999996,
        "description": "EXE WS RCW4 C2 SSXY MANIFOLD 1",
        "item": "4022 684 5603/1",
        "mfgItem": "M003819",
        "nc": "684_5603_S3.MPF",
        "pa": "PA00064",
        "wc": "1200G350"
    },
    {
        "cycle": 28.867933333333333,
        "description": "EXE WS RCW4 C2 SSXY MANIFOLD 2",
        "item": "4022 684 5604/1",
        "mfgItem": "M003820",
        "nc": "684_5604_S2.MPF",
        "pa": "PA00099",
        "wc": "1200G350"
    },
    {
        "cycle": 22.116499999999995,
        "description": "EXE WS RCW4 C2 SSXY MANIFOLD 2",
        "item": "4022 684 5604/1",
        "mfgItem": "M003820",
        "nc": "684_5604_S3.MPF",
        "pa": "PA00026",
        "wc": "1200G350"
    },
    {
        "cycle": 9.9244,
        "description": "EXE WS RCW4 C2 SSZ MANIFOLD 1",
        "item": "4022 684 5605/1",
        "mfgItem": "M003827",
        "nc": "684_5605_S1.MPF",
        "pa": "PA00069",
        "wc": "1200G350"
    },
    {
        "cycle": 53.20628333333334,
        "description": "EXE WS RCW4 C2 SSZ MANIFOLD 1",
        "item": "4022 684 5605/1",
        "mfgItem": "M003827",
        "nc": "684_5605_S2.MPF",
        "pa": "PA00139",
        "wc": "1200G350"
    },
    {
        "cycle": 9.658583333333333,
        "description": "EXE WS RCW4 C2 SSZ MANIFOLD 1",
        "item": "4022 684 5605/1",
        "mfgItem": "M003827",
        "nc": "684_5605_S3.MPF",
        "pa": "PA00008",
        "wc": "1200G350"
    },
    {
        "cycle": 8.1914,
        "description": "EXE WS RCW4 C2 SSZ MANIFOLD 2",
        "item": "4022 684 5606/1",
        "mfgItem": "M003830",
        "nc": "684_5606_S1.MPF",
        "pa": "PA00080",
        "wc": "1200G350"
    },
    {
        "cycle": 22.796016666666674,
        "description": "EXE WS RCW4 C2 SSZ MANIFOLD 2",
        "item": "4022 684 5606/1",
        "mfgItem": "M003830",
        "nc": "684_5606_S2.MPF",
        "pa": "PA00053",
        "wc": "1200G350"
    },
    {
        "cycle": 9.423266666666667,
        "description": "EXE WS RCW4 C2 SSZ MANIFOLD 2",
        "item": "4022 684 5606/1",
        "mfgItem": "M003830",
        "nc": "684_5606_S3.MPF",
        "pa": "PA00033",
        "wc": "1200G350"
    },
    {
        "cycle": 8.186383333333334,
        "description": "EXE WS RCW4 C2 SSZ MANIFOLD 3",
        "item": "4022 684 5607/1",
        "mfgItem": "M003840",
        "nc": "684_5607_S1.MPF",
        "pa": "PA00043",
        "wc": "1200G350"
    },
    {
        "cycle": 21.974716666666662,
        "description": "EXE WS RCW4 C2 SSZ MANIFOLD 3",
        "item": "4022 684 5607/1",
        "mfgItem": "M003840",
        "nc": "684_5607_S2.MPF",
        "pa": "PA00112",
        "wc": "1200G350"
    },
    {
        "cycle": 10.741649999999998,
        "description": "EXE WS RCW4 C2 SSZ MANIFOLD 3",
        "item": "4022 684 5607/1",
        "mfgItem": "M003840",
        "nc": "684_5607_S3.MPF",
        "pa": "PA00045",
        "wc": "1200G350"
    },
    {
        "cycle": 39.624950000000005,
        "description": "EXE WS RCW4 C2 SSXY MANIFOLD 3",
        "item": "4022 684 5622/1",
        "mfgItem": "M003842",
        "nc": "684_5622_S2.MPF",
        "pa": "PA00041",
        "wc": "1200G350"
    },
    {
        "cycle": 22.01846666666667,
        "description": "EXE WS RCW4 C2 SSXY MANIFOLD 3",
        "item": "4022 684 5622/1",
        "mfgItem": "M003842",
        "nc": "684_5622_S3.MPF",
        "pa": "PA00041",
        "wc": "1200G350"
    }
]